"genero del estudiante,""Grupo "",""Grado educativo de los padres"",""Tipo de almuerzo"",""Tiempo de preparacion"",""Puntuacion en matematicas"",""Puntuacion en lectura"",""Puntuacion en escritura"""
"Femenino,""Grupo B"",""Licenciatura"",""Estandar"",""Ninguno"",""72"",""72"",""74"""
"Femenino,""Grupo C"",""Alguna educacion superior"",""Estandar"",""Tiempo completo"",""69"",""90"",""88"""
"Femenino,""Grupo B"",""Maestria"",""Estandar"",""Ninguno"",""90"",""95"",""93"""
"Masculino,""Grupo A"",""Grado asociado"",""Gratis/Reducido"",""Ninguno"",""47"",""57"",""44"""
"Masculino,""Grupo C"",""Alguna educacion superior"",""Estandar"",""Ninguno"",""76"",""78"",""75"""
"Femenino,""Grupo B"",""Grado asociado"",""Estandar"",""Ninguno"",""71"",""83"",""78"""
"Femenino,""Grupo B"",""Alguna educacion superior"",""Estandar"",""Tiempo completo"",""88"",""95"",""92"""
"Masculino,""Grupo B"",""Alguna educacion superior"",""Gratis/Reducido"",""Ninguno"",""40"",""43"",""39"""
"Masculino,""Grupo D"",""Escuela secundaria"",""Gratis/Reducido"",""Tiempo completo"",""64"",""64"",""67"""
"Femenino,""Grupo B"",""Escuela secundaria"",""Gratis/Reducido"",""Ninguno"",""38"",""60"",""50"""
"Masculino,""Grupo C"",""Grado asociado"",""Estandar"",""Ninguno"",""58"",""54"",""52"""
"Masculino,""Grupo D"",""Grado asociado"",""Estandar"",""Ninguno"",""40"",""52"",""43"""
"Femenino,""Grupo B"",""Escuela secundaria"",""Estandar"",""Ninguno"",""65"",""81"",""73"""
"Masculino,""Grupo A"",""Alguna educacion superior"",""Estandar"",""Tiempo completo"",""78"",""72"",""70"""
"Femenino,""Grupo A"",""Maestria"",""Estandar"",""Ninguno"",""50"",""53"",""58"""
"Femenino,""Grupo C"",""Algun instituto"",""Estandar"",""Ninguno"",""69"",""75"",""78"""
"Masculino,""Grupo C"",""Escuela secundaria"",""Estandar"",""Ninguno"",""88"",""89"",""86"""
"Femenino,""Grupo B"",""Algun instituto"",""Gratis/Reducido"",""Ninguno"",""18"",""32"",""28"""
"Masculino,""Grupo C"",""Maestria"",""Gratis/Reducido"",""Tiempo completo"",""46"",""42"",""46"""
"Femenino,""Grupo C"",""Grado asociado"",""Gratis/Reducido"",""Ninguno"",""54"",""58"",""61"""
"Masculino,""Grupo D"",""Escuela secundaria"",""Estandar"",""Ninguno"",""66"",""69"",""63"""
"Femenino,""Grupo B"",""Alguna educacion superior"",""Gratis/Reducido"",""Tiempo completo"",""65"",""75"",""70"""
"Masculino,""Grupo D"",""Alguna educacion superior"",""Estandar"",""Ninguno"",""44"",""54"",""53"""
"Femenino,""Grupo C"",""Algun instituto"",""Estandar"",""Ninguno"",""69"",""73"",""73"""
"Masculino,""Grupo D"",""Licenciatura"",""Gratis/Reducido"",""Tiempo completo"",""74"",""71"",""80"""
"Masculino,""Grupo A"",""Maestria"",""Gratis/Reducido"",""Ninguno"",""73"",""74"",""72"""
"Masculino,""Grupo B"",""Alguna educacion superior"",""Estandar"",""Ninguno"",""69"",""54"",""55"""
"Femenino,""Grupo C"",""Licenciatura"",""Estandar"",""Ninguno"",""67"",""69"",""75"""
"Masculino,""Grupo C"",""Escuela secundaria"",""Estandar"",""Ninguno"",""70"",""70"",""65"""
"Femenino,""Grupo D"",""Maestria"",""Estandar"",""Ninguno"",""62"",""70"",""75"""
"Femenino,""Grupo D"",""Alguna educacion superior"",""Estandar"",""Ninguno"",""69"",""74"",""74"""
"Femenino,""Grupo B"",""Alguna educacion superior"",""Estandar"",""Ninguno"",""63"",""65"",""61"""
"Femenino,""Grupo E"",""Maestria"",""Gratis/Reducido"",""Ninguno"",""56"",""72"",""65"""
"Masculino,""Grupo D"",""Alguna educacion superior"",""Estandar"",""Ninguno"",""40"",""42"",""38"""
"Masculino,""Grupo E"",""Alguna educacion superior"",""Estandar"",""Ninguno"",""97"",""87"",""82"""
"Masculino,""Grupo E"",""Grado asociado"",""Estandar"",""Tiempo completo"",""81"",""81"",""79"""
"Femenino,""Grupo D"",""Grado asociado"",""Estandar"",""Ninguno"",""74"",""81"",""83"""
"Femenino,""Grupo D"",""Algun instituto"",""Gratis/Reducido"",""Ninguno"",""50"",""64"",""59"""
"Femenino,""Grupo D"",""Grado asociado"",""Gratis/Reducido"",""Tiempo completo"",""75"",""90"",""88"""
"Masculino,""Grupo B"",""Grado asociado"",""Gratis/Reducido"",""Ninguno"",""57"",""56"",""57"""
"Masculino,""Grupo C"",""Grado asociado"",""Gratis/Reducido"",""Ninguno"",""55"",""61"",""54"""
"Femenino,""Grupo C"",""Grado asociado"",""Estandar"",""Ninguno"",""58"",""73"",""68"""
"Femenino,""Grupo B"",""Grado asociado"",""Estandar"",""Ninguno"",""53"",""58"",""65"""
"Masculino,""Grupo B"",""Alguna educacion superior"",""Gratis/Reducido"",""Tiempo completo"",""59"",""65"",""66"""
"Femenino,""Grupo E"",""Grado asociado"",""Gratis/Reducido"",""Ninguno"",""50"",""56"",""54"""
"Masculino,""Grupo B"",""Grado asociado"",""Estandar"",""Ninguno"",""65"",""54"",""57"""
"Femenino,""Grupo A"",""Grado asociado"",""Estandar"",""Tiempo completo"",""55"",""65"",""62"""
"Femenino,""Grupo C"",""Escuela secundaria"",""Estandar"",""Ninguno"",""66"",""71"",""76"""
"Femenino,""Grupo D"",""Grado asociado"",""Gratis/Reducido"",""Tiempo completo"",""57"",""74"",""76"""
"Masculino,""Grupo C"",""Escuela secundaria"",""Estandar"",""Tiempo completo"",""82"",""84"",""82"""
"Masculino,""Grupo E"",""Alguna educacion superior"",""Estandar"",""Ninguno"",""53"",""55"",""48"""
"Masculino,""Grupo E"",""Grado asociado"",""Gratis/Reducido"",""Tiempo completo"",""77"",""69"",""68"""
"Masculino,""Grupo C"",""Alguna educacion superior"",""Estandar"",""Ninguno"",""53"",""44"",""42"""
"Masculino,""Grupo D"",""Escuela secundaria"",""Estandar"",""Ninguno"",""88"",""78"",""75"""
"Femenino,""Grupo C"",""Algun instituto"",""Gratis/Reducido"",""Tiempo completo"",""71"",""84"",""87"""
"Femenino,""Grupo C"",""Escuela secundaria"",""Gratis/Reducido"",""Ninguno"",""33"",""41"",""43"""
"Femenino,""Grupo E"",""Grado asociado"",""Estandar"",""Tiempo completo"",""82"",""85"",""86"""
"Masculino,""Grupo D"",""Grado asociado"",""Estandar"",""Ninguno"",""52"",""55"",""49"""
"Masculino,""Grupo D"",""Alguna educacion superior"",""Estandar"",""Tiempo completo"",""58"",""59"",""58"""
"Femenino,""Grupo C"",""Algun instituto"",""Gratis/Reducido"",""Ninguno"",""0"",""17"",""10"""
"Masculino,""Grupo E"",""Licenciatura"",""Gratis/Reducido"",""Tiempo completo"",""79"",""74"",""72"""
"Masculino,""Grupo A"",""Algun instituto"",""Gratis/Reducido"",""Ninguno"",""39"",""39"",""34"""
"Masculino,""Grupo A"",""Grado asociado"",""Gratis/Reducido"",""Ninguno"",""62"",""61"",""55"""
"Femenino,""Grupo C"",""Grado asociado"",""Estandar"",""Ninguno"",""69"",""80"",""71"""
"Femenino,""Grupo D"",""Algun instituto"",""Estandar"",""Ninguno"",""59"",""58"",""59"""
"Masculino,""Grupo B"",""Algun instituto"",""Estandar"",""Ninguno"",""67"",""64"",""61"""
"Masculino,""Grupo D"",""Algun instituto"",""Gratis/Reducido"",""Ninguno"",""45"",""37"",""37"""
"Femenino,""Grupo C"",""Alguna educacion superior"",""Estandar"",""Ninguno"",""60"",""72"",""74"""
"Masculino,""Grupo B"",""Grado asociado"",""Gratis/Reducido"",""Ninguno"",""61"",""58"",""56"""
"Femenino,""Grupo C"",""Grado asociado"",""Estandar"",""Ninguno"",""39"",""64"",""57"""
"Femenino,""Grupo D"",""Alguna educacion superior"",""Gratis/Reducido"",""Tiempo completo"",""58"",""63"",""73"""
"Masculino,""Grupo D"",""Alguna educacion superior"",""Estandar"",""Tiempo completo"",""63"",""55"",""63"""
"Femenino,""Grupo A"",""Grado asociado"",""Gratis/Reducido"",""Ninguno"",""41"",""51"",""48"""
"Masculino,""Grupo C"",""Algun instituto"",""Gratis/Reducido"",""Ninguno"",""61"",""57"",""56"""
"Masculino,""Grupo C"",""Algun instituto"",""Estandar"",""Ninguno"",""49"",""49"",""41"""
"Masculino,""Grupo B"",""Grado asociado"",""Gratis/Reducido"",""Ninguno"",""44"",""41"",""38"""
"Masculino,""Grupo E"",""Algun instituto"",""Estandar"",""Ninguno"",""30"",""26"",""22"""
"Masculino,""Grupo A"",""Licenciatura"",""Estandar"",""Tiempo completo"",""80"",""78"",""81"""
"Femenino,""Grupo D"",""Algun instituto"",""Estandar"",""Tiempo completo"",""61"",""74"",""72"""
"Femenino,""Grupo E"",""Maestria"",""Estandar"",""Ninguno"",""62"",""68"",""68"""
"Femenino,""Grupo B"",""Grado asociado"",""Estandar"",""Ninguno"",""47"",""49"",""50"""
"Masculino,""Grupo B"",""Escuela secundaria"",""Gratis/Reducido"",""Ninguno"",""49"",""45"",""45"""
"Masculino,""Grupo A"",""Alguna educacion superior"",""Gratis/Reducido"",""Tiempo completo"",""50"",""47"",""54"""
"Masculino,""Grupo E"",""Grado asociado"",""Estandar"",""Ninguno"",""72"",""64"",""63"""
"Masculino,""Grupo D"",""Escuela secundaria"",""Gratis/Reducido"",""Ninguno"",""42"",""39"",""34"""
"Femenino,""Grupo C"",""Alguna educacion superior"",""Estandar"",""Ninguno"",""73"",""80"",""82"""
"Femenino,""Grupo C"",""Alguna educacion superior"",""Gratis/Reducido"",""Ninguno"",""76"",""83"",""88"""
"Femenino,""Grupo D"",""Grado asociado"",""Estandar"",""Ninguno"",""71"",""71"",""74"""
"Femenino,""Grupo A"",""Alguna educacion superior"",""Estandar"",""Ninguno"",""58"",""70"",""67"""
"Femenino,""Grupo D"",""Algun instituto"",""Estandar"",""Ninguno"",""73"",""86"",""82"""
"Femenino,""Grupo C"",""Licenciatura"",""Estandar"",""Ninguno"",""65"",""72"",""74"""
"Masculino,""Grupo C"",""Escuela secundaria"",""Gratis/Reducido"",""Ninguno"",""27"",""34"",""36"""
"Masculino,""Grupo C"",""Escuela secundaria"",""Estandar"",""Ninguno"",""71"",""79"",""71"""
"Masculino,""Grupo C"",""Grado asociado"",""Gratis/Reducido"",""Tiempo completo"",""43"",""45"",""50"""
"Femenino,""Grupo B"",""Alguna educacion superior"",""Estandar"",""Ninguno"",""79"",""86"",""92"""
"Masculino,""Grupo C"",""Grado asociado"",""Gratis/Reducido"",""Tiempo completo"",""78"",""81"",""82"""
"Masculino,""Grupo B"",""Algun instituto"",""Estandar"",""Tiempo completo"",""65"",""66"",""62"""
"Femenino,""Grupo E"",""Alguna educacion superior"",""Estandar"",""Tiempo completo"",""63"",""72"",""70"""
"Femenino,""Grupo D"",""Alguna educacion superior"",""Gratis/Reducido"",""Ninguno"",""58"",""67"",""62"""
"Femenino,""Grupo D"",""Licenciatura"",""Estandar"",""Ninguno"",""65"",""67"",""62"""
"Masculino,""Grupo B"",""Alguna educacion superior"",""Estandar"",""Ninguno"",""79"",""67"",""67"""
"Masculino,""Grupo D"",""Licenciatura"",""Estandar"",""Tiempo completo"",""68"",""74"",""74"""
"Femenino,""Grupo D"",""Grado asociado"",""Estandar"",""Ninguno"",""85"",""91"",""89"""
"Masculino,""Grupo B"",""Escuela secundaria"",""Estandar"",""Tiempo completo"",""60"",""44"",""47"""
"Masculino,""Grupo C"",""Alguna educacion superior"",""Estandar"",""Tiempo completo"",""98"",""86"",""90"""
"Femenino,""Grupo C"",""Alguna educacion superior"",""Estandar"",""Ninguno"",""58"",""67"",""72"""
"Femenino,""Grupo D"",""Maestria"",""Estandar"",""Ninguno"",""87"",""100"",""100"""
"Masculino,""Grupo E"",""Grado asociado"",""Estandar"",""Tiempo completo"",""66"",""63"",""64"""
"Femenino,""Grupo B"",""Grado asociado"",""Gratis/Reducido"",""Ninguno"",""52"",""76"",""70"""
"Femenino,""Grupo B"",""Algun instituto"",""Estandar"",""Ninguno"",""70"",""64"",""72"""
"Femenino,""Grupo D"",""Grado asociado"",""Gratis/Reducido"",""Tiempo completo"",""77"",""89"",""98"""
"Masculino,""Grupo C"",""Escuela secundaria"",""Estandar"",""Ninguno"",""62"",""55"",""49"""
"Masculino,""Grupo A"",""Grado asociado"",""Estandar"",""Ninguno"",""54"",""53"",""47"""
"Femenino,""Grupo D"",""Alguna educacion superior"",""Estandar"",""Ninguno"",""51"",""58"",""54"""
"Femenino,""Grupo E"",""Licenciatura"",""Estandar"",""Tiempo completo"",""99"",""100"",""100"""
"Masculino,""Grupo C"",""Escuela secundaria"",""Estandar"",""Ninguno"",""84"",""77"",""74"""
"Femenino,""Grupo B"",""Licenciatura"",""Gratis/Reducido"",""Ninguno"",""75"",""85"",""82"""
"Femenino,""Grupo D"",""Licenciatura"",""Estandar"",""Ninguno"",""78"",""82"",""79"""
"Femenino,""Grupo D"",""Algun instituto"",""Estandar"",""Ninguno"",""51"",""63"",""61"""
"Femenino,""Grupo C"",""Alguna educacion superior"",""Estandar"",""Ninguno"",""55"",""69"",""65"""
"Femenino,""Grupo C"",""Licenciatura"",""Estandar"",""Tiempo completo"",""79"",""92"",""89"""
"Masculino,""Grupo B"",""Grado asociado"",""Estandar"",""Tiempo completo"",""91"",""89"",""92"""
"Femenino,""Grupo C"",""Alguna educacion superior"",""Estandar"",""Tiempo completo"",""88"",""93"",""93"""
"Masculino,""Grupo D"",""Escuela secundaria"",""Gratis/Reducido"",""Ninguno"",""63"",""57"",""56"""
"Masculino,""Grupo E"",""Alguna educacion superior"",""Estandar"",""Ninguno"",""83"",""80"",""73"""
"Femenino,""Grupo B"",""Escuela secundaria"",""Estandar"",""Ninguno"",""87"",""95"",""86"""
"Masculino,""Grupo B"",""Algun instituto"",""Estandar"",""Ninguno"",""72"",""68"",""67"""
"Masculino,""Grupo D"",""Alguna educacion superior"",""Estandar"",""Tiempo completo"",""65"",""77"",""74"""
"Masculino,""Grupo D"",""Maestria"",""Estandar"",""Ninguno"",""82"",""82"",""74"""
"Femenino,""Grupo A"",""Licenciatura"",""Estandar"",""Ninguno"",""51"",""49"",""51"""
"Masculino,""Grupo D"",""Maestria"",""Estandar"",""Ninguno"",""89"",""84"",""82"""
"Masculino,""Grupo C"",""Algun instituto"",""Gratis/Reducido"",""Tiempo completo"",""53"",""37"",""40"""
"Masculino,""Grupo E"",""Alguna educacion superior"",""Gratis/Reducido"",""Tiempo completo"",""87"",""74"",""70"""
"Femenino,""Grupo C"",""Alguna educacion superior"",""Estandar"",""Tiempo completo"",""75"",""81"",""84"""
"Masculino,""Grupo D"",""Licenciatura"",""Gratis/Reducido"",""Tiempo completo"",""74"",""79"",""75"""
"Masculino,""Grupo C"",""Licenciatura"",""Estandar"",""Ninguno"",""58"",""55"",""48"""
"Masculino,""Grupo B"",""Algun instituto"",""Estandar"",""Tiempo completo"",""51"",""54"",""41"""
"Masculino,""Grupo E"",""Escuela secundaria"",""Estandar"",""Ninguno"",""70"",""55"",""56"""
"Femenino,""Grupo C"",""Grado asociado"",""Estandar"",""Ninguno"",""59"",""66"",""67"""
"Masculino,""Grupo D"",""Alguna educacion superior"",""Estandar"",""Tiempo completo"",""71"",""61"",""69"""
"Femenino,""Grupo D"",""Algun instituto"",""Estandar"",""Ninguno"",""76"",""72"",""71"""
"Femenino,""Grupo C"",""Alguna educacion superior"",""Gratis/Reducido"",""Ninguno"",""59"",""62"",""64"""
"Femenino,""Grupo E"",""Alguna educacion superior"",""Gratis/Reducido"",""Tiempo completo"",""42"",""55"",""54"""
"Masculino,""Grupo A"",""Escuela secundaria"",""Estandar"",""Ninguno"",""57"",""43"",""47"""
"Masculino,""Grupo D"",""Alguna educacion superior"",""Estandar"",""Ninguno"",""88"",""73"",""78"""
"Femenino,""Grupo C"",""Alguna educacion superior"",""Gratis/Reducido"",""Ninguno"",""22"",""39"",""33"""
"Masculino,""Grupo B"",""Algun instituto"",""Estandar"",""Ninguno"",""88"",""84"",""75"""
"Masculino,""Grupo C"",""Grado asociado"",""Gratis/Reducido"",""Ninguno"",""73"",""68"",""66"""
"Femenino,""Grupo D"",""Licenciatura"",""Estandar"",""Tiempo completo"",""68"",""75"",""81"""
"Masculino,""Grupo E"",""Grado asociado"",""Gratis/Reducido"",""Tiempo completo"",""100"",""100"",""93"""
"Masculino,""Grupo A"",""Algun instituto"",""Estandar"",""Tiempo completo"",""62"",""67"",""69"""
"Masculino,""Grupo A"",""Licenciatura"",""Estandar"",""Ninguno"",""77"",""67"",""68"""
"Femenino,""Grupo B"",""Grado asociado"",""Estandar"",""Tiempo completo"",""59"",""70"",""66"""
"Masculino,""Grupo D"",""Licenciatura"",""Estandar"",""Ninguno"",""54"",""49"",""47"""
"Masculino,""Grupo D"",""Algun instituto"",""Estandar"",""Ninguno"",""62"",""67"",""61"""
"Femenino,""Grupo C"",""Alguna educacion superior"",""Estandar"",""Tiempo completo"",""70"",""89"",""88"""
"Femenino,""Grupo E"",""Escuela secundaria"",""Gratis/Reducido"",""Tiempo completo"",""66"",""74"",""78"""
"Masculino,""Grupo B"",""Alguna educacion superior"",""Gratis/Reducido"",""Ninguno"",""60"",""60"",""60"""
"Femenino,""Grupo B"",""Grado asociado"",""Estandar"",""Tiempo completo"",""61"",""86"",""87"""
"Masculino,""Grupo D"",""Grado asociado"",""Gratis/Reducido"",""Ninguno"",""66"",""62"",""64"""
"Masculino,""Grupo B"",""Grado asociado"",""Gratis/Reducido"",""Tiempo completo"",""82"",""78"",""74"""
"Femenino,""Grupo E"",""Alguna educacion superior"",""Gratis/Reducido"",""Tiempo completo"",""75"",""88"",""85"""
"Masculino,""Grupo B"",""Maestria"",""Gratis/Reducido"",""Ninguno"",""49"",""53"",""52"""
"Masculino,""Grupo C"",""Escuela secundaria"",""Estandar"",""Ninguno"",""52"",""53"",""49"""
"Femenino,""Grupo E"",""Maestria"",""Estandar"",""Ninguno"",""81"",""92"",""91"""
"Femenino,""Grupo C"",""Licenciatura"",""Estandar"",""Tiempo completo"",""96"",""100"",""100"""
"Masculino,""Grupo C"",""Escuela secundaria"",""Gratis/Reducido"",""Tiempo completo"",""53"",""51"",""51"""
"Femenino,""Grupo B"",""Maestria"",""Gratis/Reducido"",""Tiempo completo"",""58"",""76"",""78"""
"Femenino,""Grupo B"",""Escuela secundaria"",""Estandar"",""Tiempo completo"",""68"",""83"",""78"""
"Femenino,""Grupo C"",""Alguna educacion superior"",""Gratis/Reducido"",""Tiempo completo"",""67"",""75"",""70"""
"Masculino,""Grupo A"",""Escuela secundaria"",""Estandar"",""Tiempo completo"",""72"",""73"",""74"""
"Masculino,""Grupo E"",""Algun instituto"",""Estandar"",""Ninguno"",""94"",""88"",""78"""
"Femenino,""Grupo D"",""Alguna educacion superior"",""Estandar"",""Ninguno"",""79"",""86"",""81"""
"Femenino,""Grupo C"",""Grado asociado"",""Estandar"",""Ninguno"",""63"",""67"",""70"""
"Femenino,""Grupo C"",""Licenciatura"",""Gratis/Reducido"",""Tiempo completo"",""43"",""51"",""54"""
"Femenino,""Grupo C"",""Maestria"",""Estandar"",""Tiempo completo"",""81"",""91"",""87"""
"Femenino,""Grupo B"",""Escuela secundaria"",""Gratis/Reducido"",""Tiempo completo"",""46"",""54"",""58"""
"Femenino,""Grupo C"",""Grado asociado"",""Estandar"",""Tiempo completo"",""71"",""77"",""77"""
"Femenino,""Grupo B"",""Maestria"",""Gratis/Reducido"",""Tiempo completo"",""52"",""70"",""62"""
"Femenino,""Grupo D"",""Algun instituto"",""Estandar"",""Tiempo completo"",""97"",""100"",""100"""
"Masculino,""Grupo C"",""Maestria"",""Gratis/Reducido"",""Tiempo completo"",""62"",""68"",""75"""
"Femenino,""Grupo C"",""Alguna educacion superior"",""Gratis/Reducido"",""Ninguno"",""46"",""64"",""66"""
"Femenino,""Grupo E"",""Escuela secundaria"",""Estandar"",""Ninguno"",""50"",""50"",""47"""
"Femenino,""Grupo D"",""Grado asociado"",""Estandar"",""Ninguno"",""65"",""69"",""70"""
"Masculino,""Grupo C"",""Algun instituto"",""Gratis/Reducido"",""Tiempo completo"",""45"",""52"",""49"""
"Masculino,""Grupo C"",""Grado asociado"",""Gratis/Reducido"",""Tiempo completo"",""65"",""67"",""65"""
"Masculino,""Grupo E"",""Escuela secundaria"",""Estandar"",""Ninguno"",""80"",""76"",""65"""
"Masculino,""Grupo D"",""Algun instituto"",""Estandar"",""Tiempo completo"",""62"",""66"",""68"""
"Masculino,""Grupo B"",""Algun instituto"",""Gratis/Reducido"",""Ninguno"",""48"",""52"",""45"""
"Femenino,""Grupo C"",""Licenciatura"",""Estandar"",""Ninguno"",""77"",""88"",""87"""
"Femenino,""Grupo E"",""Grado asociado"",""Estandar"",""Ninguno"",""66"",""65"",""69"""
"Masculino,""Grupo D"",""Alguna educacion superior"",""Estandar"",""Tiempo completo"",""76"",""83"",""79"""
"Femenino,""Grupo B"",""Algun instituto"",""Estandar"",""Ninguno"",""62"",""64"",""66"""
"Masculino,""Grupo D"",""Alguna educacion superior"",""Estandar"",""Tiempo completo"",""77"",""62"",""62"""
"Femenino,""Grupo C"",""Maestria"",""Estandar"",""Tiempo completo"",""69"",""84"",""85"""
"Masculino,""Grupo D"",""Grado asociado"",""Estandar"",""Ninguno"",""61"",""55"",""52"""
"Masculino,""Grupo C"",""Algun instituto"",""Gratis/Reducido"",""Tiempo completo"",""59"",""69"",""65"""
"Masculino,""Grupo E"",""Escuela secundaria"",""Gratis/Reducido"",""Ninguno"",""55"",""56"",""51"""
"Femenino,""Grupo B"",""Alguna educacion superior"",""Gratis/Reducido"",""Ninguno"",""45"",""53"",""55"""
"Femenino,""Grupo B"",""Licenciatura"",""Gratis/Reducido"",""Ninguno"",""78"",""79"",""76"""
"Femenino,""Grupo C"",""Grado asociado"",""Estandar"",""Tiempo completo"",""67"",""84"",""86"""
"Femenino,""Grupo D"",""Alguna educacion superior"",""Gratis/Reducido"",""Ninguno"",""65"",""81"",""77"""
"Masculino,""Grupo C"",""Grado asociado"",""Estandar"",""Ninguno"",""69"",""77"",""69"""
"Femenino,""Grupo B"",""Grado asociado"",""Estandar"",""Ninguno"",""57"",""69"",""68"""
"Masculino,""Grupo C"",""Alguna educacion superior"",""Estandar"",""Ninguno"",""59"",""41"",""42"""
"Masculino,""Grupo D"",""Algun instituto"",""Estandar"",""Tiempo completo"",""74"",""71"",""78"""
"Masculino,""Grupo E"",""Licenciatura"",""Estandar"",""Ninguno"",""82"",""62"",""62"""
"Masculino,""Grupo E"",""Escuela secundaria"",""Estandar"",""Tiempo completo"",""81"",""80"",""76"""
"Femenino,""Grupo B"",""Alguna educacion superior"",""Gratis/Reducido"",""Ninguno"",""74"",""81"",""76"""
"Femenino,""Grupo B"",""Alguna educacion superior"",""Gratis/Reducido"",""Ninguno"",""58"",""61"",""66"""
"Masculino,""Grupo D"",""Algun instituto"",""Gratis/Reducido"",""Tiempo completo"",""80"",""79"",""79"""
"Masculino,""Grupo C"",""Alguna educacion superior"",""Gratis/Reducido"",""Ninguno"",""35"",""28"",""27"""
"Femenino,""Grupo C"",""Escuela secundaria"",""Gratis/Reducido"",""Ninguno"",""42"",""62"",""60"""
"Masculino,""Grupo C"",""Grado asociado"",""Gratis/Reducido"",""Tiempo completo"",""60"",""51"",""56"""
"Masculino,""Grupo E"",""Escuela secundaria"",""Estandar"",""Tiempo completo"",""87"",""91"",""81"""
"Masculino,""Grupo B"",""Algun instituto"",""Estandar"",""Tiempo completo"",""84"",""83"",""75"""
"Femenino,""Grupo E"",""Grado asociado"",""Gratis/Reducido"",""Tiempo completo"",""83"",""86"",""88"""
"Femenino,""Grupo C"",""Escuela secundaria"",""Gratis/Reducido"",""Ninguno"",""34"",""42"",""39"""
"Masculino,""Grupo B"",""Escuela secundaria"",""Gratis/Reducido"",""Ninguno"",""66"",""77"",""70"""
"Masculino,""Grupo B"",""Algun instituto"",""Estandar"",""Tiempo completo"",""61"",""56"",""56"""
"Femenino,""Grupo D"",""Escuela secundaria"",""Estandar"",""Tiempo completo"",""56"",""68"",""74"""
"Masculino,""Grupo B"",""Grado asociado"",""Estandar"",""Ninguno"",""87"",""85"",""73"""
"Femenino,""Grupo C"",""Algun instituto"",""Gratis/Reducido"",""Ninguno"",""55"",""65"",""62"""
"Masculino,""Grupo D"",""Algun instituto"",""Estandar"",""Ninguno"",""86"",""80"",""75"""
"Femenino,""Grupo B"",""Grado asociado"",""Estandar"",""Tiempo completo"",""52"",""66"",""73"""
"Femenino,""Grupo E"",""Maestria"",""Gratis/Reducido"",""Ninguno"",""45"",""56"",""54"""
"Femenino,""Grupo C"",""Alguna educacion superior"",""Estandar"",""Ninguno"",""72"",""72"",""71"""
"Masculino,""Grupo D"",""Escuela secundaria"",""Estandar"",""Ninguno"",""57"",""50"",""54"""
"Masculino,""Grupo A"",""Algun instituto"",""Gratis/Reducido"",""Ninguno"",""68"",""72"",""64"""
"Femenino,""Grupo C"",""Alguna educacion superior"",""Estandar"",""Tiempo completo"",""88"",""95"",""94"""
"Masculino,""Grupo D"",""Alguna educacion superior"",""Estandar"",""Ninguno"",""76"",""64"",""66"""
"Masculino,""Grupo C"",""Grado asociado"",""Estandar"",""Ninguno"",""46"",""43"",""42"""
"Femenino,""Grupo B"",""Licenciatura"",""Estandar"",""Ninguno"",""67"",""86"",""83"""
"Masculino,""Grupo E"",""Algun instituto"",""Estandar"",""Ninguno"",""92"",""87"",""78"""
"Masculino,""Grupo C"",""Licenciatura"",""Estandar"",""Tiempo completo"",""83"",""82"",""84"""
"Masculino,""Grupo D"",""Grado asociado"",""Estandar"",""Ninguno"",""80"",""75"",""77"""
"Masculino,""Grupo D"",""Licenciatura"",""Gratis/Reducido"",""Ninguno"",""63"",""66"",""67"""
"Femenino,""Grupo D"",""Algun instituto"",""Estandar"",""Tiempo completo"",""64"",""60"",""74"""
"Masculino,""Grupo B"",""Alguna educacion superior"",""Estandar"",""Ninguno"",""54"",""52"",""51"""
"Masculino,""Grupo C"",""Grado asociado"",""Estandar"",""Ninguno"",""84"",""80"",""80"""
"Masculino,""Grupo D"",""Escuela secundaria"",""Gratis/Reducido"",""Tiempo completo"",""73"",""68"",""66"""
"Femenino,""Grupo E"",""Licenciatura"",""Estandar"",""Ninguno"",""80"",""83"",""83"""
"Femenino,""Grupo D"",""Escuela secundaria"",""Estandar"",""Ninguno"",""56"",""52"",""55"""
"Masculino,""Grupo E"",""Alguna educacion superior"",""Estandar"",""Ninguno"",""59"",""51"",""43"""
"Masculino,""Grupo D"",""Algun instituto"",""Estandar"",""Ninguno"",""75"",""74"",""69"""
"Masculino,""Grupo C"",""Grado asociado"",""Estandar"",""Ninguno"",""85"",""76"",""71"""
"Masculino,""Grupo E"",""Grado asociado"",""Estandar"",""Ninguno"",""89"",""76"",""74"""
"Femenino,""Grupo B"",""Escuela secundaria"",""Estandar"",""Tiempo completo"",""58"",""70"",""68"""
"Femenino,""Grupo B"",""Escuela secundaria"",""Estandar"",""Ninguno"",""65"",""64"",""62"""
"Masculino,""Grupo C"",""Escuela secundaria"",""Estandar"",""Ninguno"",""68"",""60"",""53"""
"Masculino,""Grupo A"",""Algun instituto"",""Estandar"",""Tiempo completo"",""47"",""49"",""49"""
"Femenino,""Grupo D"",""Alguna educacion superior"",""Gratis/Reducido"",""Ninguno"",""71"",""83"",""83"""
"Femenino,""Grupo B"",""Algun instituto"",""Estandar"",""Tiempo completo"",""60"",""70"",""70"""
"Masculino,""Grupo D"",""Maestria"",""Estandar"",""Ninguno"",""80"",""80"",""72"""
"Masculino,""Grupo D"",""Escuela secundaria"",""Estandar"",""Ninguno"",""54"",""52"",""52"""
"Femenino,""Grupo E"",""Alguna educacion superior"",""Estandar"",""Ninguno"",""62"",""73"",""70"""
"Femenino,""Grupo C"",""Grado asociado"",""Gratis/Reducido"",""Ninguno"",""64"",""73"",""68"""
"Masculino,""Grupo C"",""Grado asociado"",""Estandar"",""Tiempo completo"",""78"",""77"",""77"""
"Femenino,""Grupo B"",""Alguna educacion superior"",""Estandar"",""Ninguno"",""70"",""75"",""78"""
"Femenino,""Grupo C"",""Maestria"",""Gratis/Reducido"",""Tiempo completo"",""65"",""81"",""81"""
"Femenino,""Grupo C"",""Algun instituto"",""Gratis/Reducido"",""Tiempo completo"",""64"",""79"",""77"""
"Masculino,""Grupo C"",""Alguna educacion superior"",""Estandar"",""Tiempo completo"",""79"",""79"",""78"""
"Femenino,""Grupo C"",""Algun instituto"",""Gratis/Reducido"",""Ninguno"",""44"",""50"",""51"""
"Femenino,""Grupo E"",""Escuela secundaria"",""Estandar"",""Ninguno"",""99"",""93"",""90"""
"Masculino,""Grupo D"",""Escuela secundaria"",""Estandar"",""Ninguno"",""76"",""73"",""68"""
"Masculino,""Grupo D"",""Algun instituto"",""Gratis/Reducido"",""Ninguno"",""59"",""42"",""41"""
"Femenino,""Grupo C"",""Licenciatura"",""Estandar"",""Ninguno"",""63"",""75"",""81"""
"Femenino,""Grupo D"",""Escuela secundaria"",""Estandar"",""Ninguno"",""69"",""72"",""77"""
"Femenino,""Grupo D"",""Grado asociado"",""Estandar"",""Tiempo completo"",""88"",""92"",""95"""
"Femenino,""Grupo E"",""Alguna educacion superior"",""Gratis/Reducido"",""Ninguno"",""71"",""76"",""70"""
"Masculino,""Grupo C"",""Licenciatura"",""Estandar"",""Ninguno"",""69"",""63"",""61"""
"Masculino,""Grupo C"",""Alguna educacion superior"",""Estandar"",""Ninguno"",""58"",""49"",""42"""
"Femenino,""Grupo D"",""Grado asociado"",""Gratis/Reducido"",""Ninguno"",""47"",""53"",""58"""
"Femenino,""Grupo D"",""Alguna educacion superior"",""Estandar"",""Ninguno"",""65"",""70"",""71"""
"Masculino,""Grupo B"",""Alguna educacion superior"",""Estandar"",""Tiempo completo"",""88"",""85"",""76"""
"Masculino,""Grupo C"",""Licenciatura"",""Estandar"",""Ninguno"",""83"",""78"",""73"""
"Femenino,""Grupo C"",""Algun instituto"",""Estandar"",""Tiempo completo"",""85"",""92"",""93"""
"Femenino,""Grupo E"",""Escuela secundaria"",""Estandar"",""Tiempo completo"",""59"",""63"",""75"""
"Femenino,""Grupo C"",""Algun instituto"",""Gratis/Reducido"",""Ninguno"",""65"",""86"",""80"""
"Masculino,""Grupo B"",""Licenciatura"",""Gratis/Reducido"",""Ninguno"",""73"",""56"",""57"""
"Masculino,""Grupo D"",""Escuela secundaria"",""Estandar"",""Ninguno"",""53"",""52"",""42"""
"Masculino,""Grupo D"",""Escuela secundaria"",""Estandar"",""Ninguno"",""45"",""48"",""46"""
"Femenino,""Grupo D"",""Licenciatura"",""Gratis/Reducido"",""Ninguno"",""73"",""79"",""84"""
"Femenino,""Grupo D"",""Alguna educacion superior"",""Gratis/Reducido"",""Tiempo completo"",""70"",""78"",""78"""
"Femenino,""Grupo B"",""Algun instituto"",""Estandar"",""Ninguno"",""37"",""46"",""46"""
"Masculino,""Grupo B"",""Grado asociado"",""Estandar"",""Tiempo completo"",""81"",""82"",""82"""
"Masculino,""Grupo E"",""Grado asociado"",""Estandar"",""Tiempo completo"",""97"",""82"",""88"""
"Femenino,""Grupo B"",""Algun instituto"",""Estandar"",""Ninguno"",""67"",""89"",""82"""
"Masculino,""Grupo B"",""Licenciatura"",""Gratis/Reducido"",""Ninguno"",""88"",""75"",""76"""
"Masculino,""Grupo E"",""Algun instituto"",""Estandar"",""Tiempo completo"",""77"",""76"",""77"""
"Masculino,""Grupo C"",""Grado asociado"",""Estandar"",""Ninguno"",""76"",""70"",""68"""
"Masculino,""Grupo D"",""Algun instituto"",""Estandar"",""Ninguno"",""86"",""73"",""70"""
"Masculino,""Grupo C"",""Algun instituto"",""Estandar"",""Tiempo completo"",""63"",""60"",""57"""
"Femenino,""Grupo E"",""Licenciatura"",""Estandar"",""Ninguno"",""65"",""73"",""75"""
"Masculino,""Grupo D"",""Escuela secundaria"",""Gratis/Reducido"",""Tiempo completo"",""78"",""77"",""80"""
"Masculino,""Grupo B"",""Grado asociado"",""Gratis/Reducido"",""Ninguno"",""67"",""62"",""60"""
"Masculino,""Grupo A"",""Algun instituto"",""Estandar"",""Tiempo completo"",""46"",""41"",""43"""
"Masculino,""Grupo E"",""Grado asociado"",""Estandar"",""Tiempo completo"",""71"",""74"",""68"""
"Masculino,""Grupo C"",""Escuela secundaria"",""Gratis/Reducido"",""Tiempo completo"",""40"",""46"",""50"""
"Masculino,""Grupo D"",""Grado asociado"",""Gratis/Reducido"",""Ninguno"",""90"",""87"",""75"""
"Masculino,""Grupo A"",""Alguna educacion superior"",""Gratis/Reducido"",""Tiempo completo"",""81"",""78"",""81"""
"Masculino,""Grupo D"",""Algun instituto"",""Gratis/Reducido"",""Ninguno"",""56"",""54"",""52"""
"Femenino,""Grupo C"",""Grado asociado"",""Estandar"",""Tiempo completo"",""67"",""84"",""81"""
"Masculino,""Grupo B"",""Grado asociado"",""Estandar"",""Ninguno"",""80"",""76"",""64"""
"Femenino,""Grupo C"",""Grado asociado"",""Estandar"",""Tiempo completo"",""74"",""75"",""83"""
"Masculino,""Grupo A"",""Alguna educacion superior"",""Estandar"",""Ninguno"",""69"",""67"",""69"""
"Masculino,""Grupo E"",""Alguna educacion superior"",""Estandar"",""Tiempo completo"",""99"",""87"",""81"""
"Masculino,""Grupo C"",""Algun instituto"",""Estandar"",""Ninguno"",""51"",""52"",""44"""
"Femenino,""Grupo B"",""Grado asociado"",""Gratis/Reducido"",""Ninguno"",""53"",""71"",""67"""
"Femenino,""Grupo D"",""Escuela secundaria"",""Gratis/Reducido"",""Ninguno"",""49"",""57"",""52"""
"Femenino,""Grupo B"",""Grado asociado"",""Estandar"",""Ninguno"",""73"",""76"",""80"""
"Masculino,""Grupo B"",""Licenciatura"",""Estandar"",""Ninguno"",""66"",""60"",""57"""
"Masculino,""Grupo D"",""Licenciatura"",""Estandar"",""Tiempo completo"",""67"",""61"",""68"""
"Femenino,""Grupo C"",""Grado asociado"",""Gratis/Reducido"",""Tiempo completo"",""68"",""67"",""69"""
"Femenino,""Grupo C"",""Licenciatura"",""Estandar"",""Tiempo completo"",""59"",""64"",""75"""
"Masculino,""Grupo C"",""Escuela secundaria"",""Estandar"",""Ninguno"",""71"",""66"",""65"""
"Femenino,""Grupo D"",""Maestria"",""Estandar"",""Tiempo completo"",""77"",""82"",""91"""
"Masculino,""Grupo C"",""Grado asociado"",""Estandar"",""Ninguno"",""83"",""72"",""78"""
"Masculino,""Grupo B"",""Licenciatura"",""Estandar"",""Ninguno"",""63"",""71"",""69"""
"Femenino,""Grupo D"",""Grado asociado"",""Gratis/Reducido"",""Ninguno"",""56"",""65"",""63"""
"Femenino,""Grupo C"",""Escuela secundaria"",""Gratis/Reducido"",""Tiempo completo"",""67"",""79"",""84"""
"Femenino,""Grupo E"",""Escuela secundaria"",""Estandar"",""Ninguno"",""75"",""86"",""79"""
"Femenino,""Grupo C"",""Alguna educacion superior"",""Estandar"",""Ninguno"",""71"",""81"",""80"""
"Femenino,""Grupo C"",""Algun instituto"",""Gratis/Reducido"",""Ninguno"",""43"",""53"",""53"""
"Femenino,""Grupo C"",""Escuela secundaria"",""Gratis/Reducido"",""Ninguno"",""41"",""46"",""43"""
"Femenino,""Grupo C"",""Alguna educacion superior"",""Estandar"",""Ninguno"",""82"",""90"",""94"""
"Masculino,""Grupo C"",""Alguna educacion superior"",""Estandar"",""Ninguno"",""61"",""61"",""62"""
"Masculino,""Grupo A"",""Alguna educacion superior"",""Gratis/Reducido"",""Ninguno"",""28"",""23"",""19"""
"Masculino,""Grupo C"",""Grado asociado"",""Estandar"",""Tiempo completo"",""82"",""75"",""77"""
"Femenino,""Grupo B"",""Algun instituto"",""Estandar"",""Ninguno"",""41"",""55"",""51"""
"Masculino,""Grupo C"",""Escuela secundaria"",""Estandar"",""Ninguno"",""71"",""60"",""61"""
"Masculino,""Grupo C"",""Grado asociado"",""Estandar"",""Ninguno"",""47"",""37"",""35"""
"Masculino,""Grupo E"",""Grado asociado"",""Estandar"",""Tiempo completo"",""62"",""56"",""53"""
"Masculino,""Grupo B"",""Grado asociado"",""Estandar"",""Ninguno"",""90"",""78"",""81"""
"Femenino,""Grupo C"",""Licenciatura"",""Estandar"",""Ninguno"",""83"",""93"",""95"""
"Femenino,""Grupo B"",""Alguna educacion superior"",""Gratis/Reducido"",""Ninguno"",""61"",""68"",""66"""
"Masculino,""Grupo D"",""Algun instituto"",""Estandar"",""Tiempo completo"",""76"",""70"",""69"""
"Masculino,""Grupo C"",""Grado asociado"",""Estandar"",""Ninguno"",""49"",""51"",""43"""
"Femenino,""Grupo B"",""Algun instituto"",""Gratis/Reducido"",""Ninguno"",""24"",""38"",""27"""
"Femenino,""Grupo D"",""Algun instituto"",""Gratis/Reducido"",""Tiempo completo"",""35"",""55"",""60"""
"Masculino,""Grupo C"",""Escuela secundaria"",""Gratis/Reducido"",""Ninguno"",""58"",""61"",""52"""
"Femenino,""Grupo C"",""Escuela secundaria"",""Estandar"",""Ninguno"",""61"",""73"",""63"""
"Femenino,""Grupo B"",""Escuela secundaria"",""Estandar"",""Tiempo completo"",""69"",""76"",""74"""
"Masculino,""Grupo D"",""Grado asociado"",""Estandar"",""Tiempo completo"",""67"",""72"",""67"""
"Masculino,""Grupo D"",""Alguna educacion superior"",""Estandar"",""Ninguno"",""79"",""73"",""67"""
"Femenino,""Grupo C"",""Escuela secundaria"",""Estandar"",""Ninguno"",""72"",""80"",""75"""
"Masculino,""Grupo B"",""Alguna educacion superior"",""Estandar"",""Ninguno"",""62"",""61"",""57"""
"Femenino,""Grupo C"",""Licenciatura"",""Estandar"",""Tiempo completo"",""77"",""94"",""95"""
"Masculino,""Grupo D"",""Escuela secundaria"",""Gratis/Reducido"",""Ninguno"",""75"",""74"",""66"""
"Masculino,""Grupo E"",""Grado asociado"",""Estandar"",""Ninguno"",""87"",""74"",""76"""
"Femenino,""Grupo B"",""Licenciatura"",""Estandar"",""Ninguno"",""52"",""65"",""69"""
"Masculino,""Grupo E"",""Alguna educacion superior"",""Estandar"",""Ninguno"",""66"",""57"",""52"""
"Femenino,""Grupo C"",""Alguna educacion superior"",""Estandar"",""Tiempo completo"",""63"",""78"",""80"""
"Femenino,""Grupo C"",""Grado asociado"",""Estandar"",""Ninguno"",""46"",""58"",""57"""
"Femenino,""Grupo C"",""Alguna educacion superior"",""Estandar"",""Ninguno"",""59"",""71"",""70"""
"Femenino,""Grupo B"",""Licenciatura"",""Estandar"",""Ninguno"",""61"",""72"",""70"""
"Masculino,""Grupo A"",""Grado asociado"",""Estandar"",""Ninguno"",""63"",""61"",""61"""
"Femenino,""Grupo C"",""Alguna educacion superior"",""Gratis/Reducido"",""Tiempo completo"",""42"",""66"",""69"""
"Masculino,""Grupo D"",""Alguna educacion superior"",""Gratis/Reducido"",""Ninguno"",""59"",""62"",""61"""
"Femenino,""Grupo D"",""Alguna educacion superior"",""Estandar"",""Ninguno"",""80"",""90"",""89"""
"Femenino,""Grupo B"",""Escuela secundaria"",""Estandar"",""Ninguno"",""58"",""62"",""59"""
"Masculino,""Grupo B"",""Algun instituto"",""Estandar"",""Tiempo completo"",""85"",""84"",""78"""
"Femenino,""Grupo C"",""Alguna educacion superior"",""Estandar"",""Ninguno"",""52"",""58"",""58"""
"Femenino,""Grupo D"",""Algun instituto"",""Gratis/Reducido"",""Ninguno"",""27"",""34"",""32"""
"Masculino,""Grupo C"",""Alguna educacion superior"",""Estandar"",""Ninguno"",""59"",""60"",""58"""
"Masculino,""Grupo A"",""Licenciatura"",""Gratis/Reducido"",""Tiempo completo"",""49"",""58"",""60"""
"Masculino,""Grupo C"",""Escuela secundaria"",""Estandar"",""Tiempo completo"",""69"",""58"",""53"""
"Masculino,""Grupo C"",""Licenciatura"",""Gratis/Reducido"",""Ninguno"",""61"",""66"",""61"""
"Femenino,""Grupo A"",""Algun instituto"",""Gratis/Reducido"",""Ninguno"",""44"",""64"",""58"""
"Femenino,""Grupo D"",""Algun instituto"",""Estandar"",""Ninguno"",""73"",""84"",""85"""
"Masculino,""Grupo E"",""Alguna educacion superior"",""Estandar"",""Ninguno"",""84"",""77"",""71"""
"Femenino,""Grupo C"",""Alguna educacion superior"",""Gratis/Reducido"",""Tiempo completo"",""45"",""73"",""70"""
"Masculino,""Grupo D"",""Algun instituto"",""Estandar"",""Ninguno"",""74"",""74"",""72"""
"Femenino,""Grupo D"",""Alguna educacion superior"",""Estandar"",""Tiempo completo"",""82"",""97"",""96"""
"Femenino,""Grupo D"",""Licenciatura"",""Estandar"",""Ninguno"",""59"",""70"",""73"""
"Masculino,""Grupo E"",""Grado asociado"",""Gratis/Reducido"",""Ninguno"",""46"",""43"",""41"""
"Femenino,""Grupo D"",""Algun instituto"",""Estandar"",""Ninguno"",""80"",""90"",""82"""
"Femenino,""Grupo D"",""Maestria"",""Gratis/Reducido"",""Tiempo completo"",""85"",""95"",""100"""
"Femenino,""Grupo A"",""Algun instituto"",""Estandar"",""Ninguno"",""71"",""83"",""77"""
"Masculino,""Grupo A"",""Licenciatura"",""Estandar"",""Ninguno"",""66"",""64"",""62"""
"Femenino,""Grupo B"",""Grado asociado"",""Estandar"",""Ninguno"",""80"",""86"",""83"""
"Masculino,""Grupo C"",""Grado asociado"",""Estandar"",""Tiempo completo"",""87"",""100"",""95"""
"Masculino,""Grupo C"",""Maestria"",""Gratis/Reducido"",""Ninguno"",""79"",""81"",""71"""
"Femenino,""Grupo E"",""Algun instituto"",""Gratis/Reducido"",""Ninguno"",""38"",""49"",""45"""
"Femenino,""Grupo A"",""Algun instituto"",""Gratis/Reducido"",""Ninguno"",""38"",""43"",""43"""
"Femenino,""Grupo E"",""Alguna educacion superior"",""Estandar"",""Ninguno"",""67"",""76"",""75"""
"Femenino,""Grupo E"",""Licenciatura"",""Estandar"",""Ninguno"",""64"",""73"",""70"""
"Femenino,""Grupo C"",""Grado asociado"",""Gratis/Reducido"",""Ninguno"",""57"",""78"",""67"""
"Femenino,""Grupo D"",""Escuela secundaria"",""Estandar"",""Ninguno"",""62"",""64"",""64"""
"Masculino,""Grupo D"",""Maestria"",""Estandar"",""Ninguno"",""73"",""70"",""75"""
"Masculino,""Grupo E"",""Algun instituto"",""Gratis/Reducido"",""Tiempo completo"",""73"",""67"",""59"""
"Femenino,""Grupo D"",""Alguna educacion superior"",""Estandar"",""Ninguno"",""77"",""68"",""77"""
"Masculino,""Grupo E"",""Alguna educacion superior"",""Estandar"",""Ninguno"",""76"",""67"",""67"""
"Masculino,""Grupo C"",""Grado asociado"",""Estandar"",""Tiempo completo"",""57"",""54"",""56"""
"Femenino,""Grupo C"",""Algun instituto"",""Estandar"",""Tiempo completo"",""65"",""74"",""77"""
"Masculino,""Grupo A"",""Escuela secundaria"",""Gratis/Reducido"",""Ninguno"",""48"",""45"",""41"""
"Femenino,""Grupo B"",""Escuela secundaria"",""Gratis/Reducido"",""Ninguno"",""50"",""67"",""63"""
"Femenino,""Grupo C"",""Grado asociado"",""Estandar"",""Ninguno"",""85"",""89"",""95"""
"Masculino,""Grupo B"",""Algun instituto"",""Estandar"",""Ninguno"",""74"",""63"",""57"""
"Masculino,""Grupo D"",""Algun instituto"",""Estandar"",""Ninguno"",""60"",""59"",""54"""
"Femenino,""Grupo C"",""Algun instituto"",""Estandar"",""Tiempo completo"",""59"",""54"",""67"""
"Masculino,""Grupo A"",""Alguna educacion superior"",""Estandar"",""Ninguno"",""53"",""43"",""43"""
"Femenino,""Grupo A"",""Alguna educacion superior"",""Gratis/Reducido"",""Ninguno"",""49"",""65"",""55"""
"Femenino,""Grupo D"",""Escuela secundaria"",""Estandar"",""Tiempo completo"",""88"",""99"",""100"""
"Femenino,""Grupo C"",""Escuela secundaria"",""Estandar"",""Ninguno"",""54"",""59"",""62"""
"Femenino,""Grupo C"",""Algun instituto"",""Estandar"",""Ninguno"",""63"",""73"",""68"""
"Masculino,""Grupo B"",""Grado asociado"",""Estandar"",""Tiempo completo"",""65"",""65"",""63"""
"Femenino,""Grupo B"",""Grado asociado"",""Estandar"",""Ninguno"",""82"",""80"",""77"""
"Femenino,""Grupo D"",""Escuela secundaria"",""Gratis/Reducido"",""Tiempo completo"",""52"",""57"",""56"""
"Masculino,""Grupo D"",""Grado asociado"",""Estandar"",""Tiempo completo"",""87"",""84"",""85"""
"Femenino,""Grupo D"",""Maestria"",""Estandar"",""Tiempo completo"",""70"",""71"",""74"""
"Masculino,""Grupo E"",""Alguna educacion superior"",""Estandar"",""Tiempo completo"",""84"",""83"",""78"""
"Masculino,""Grupo D"",""Grado asociado"",""Estandar"",""Ninguno"",""71"",""66"",""60"""
"Masculino,""Grupo B"",""Algun instituto"",""Estandar"",""Tiempo completo"",""63"",""67"",""67"""
"Femenino,""Grupo C"",""Licenciatura"",""Gratis/Reducido"",""Tiempo completo"",""51"",""72"",""79"""
"Masculino,""Grupo E"",""Escuela secundaria"",""Estandar"",""Ninguno"",""84"",""73"",""69"""
"Masculino,""Grupo C"",""Licenciatura"",""Estandar"",""Tiempo completo"",""71"",""74"",""68"""
"Masculino,""Grupo C"",""Grado asociado"",""Estandar"",""Ninguno"",""74"",""73"",""67"""
"Masculino,""Grupo D"",""Alguna educacion superior"",""Estandar"",""Ninguno"",""68"",""59"",""62"""
"Masculino,""Grupo E"",""Escuela secundaria"",""Gratis/Reducido"",""Tiempo completo"",""57"",""56"",""54"""
"Femenino,""Grupo C"",""Grado asociado"",""Gratis/Reducido"",""Tiempo completo"",""82"",""93"",""93"""
"Femenino,""Grupo D"",""Escuela secundaria"",""Estandar"",""Tiempo completo"",""57"",""58"",""64"""
"Femenino,""Grupo D"",""Maestria"",""Gratis/Reducido"",""Tiempo completo"",""47"",""58"",""67"""
"Femenino,""Grupo A"",""Algun instituto"",""Estandar"",""Tiempo completo"",""59"",""85"",""80"""
"Masculino,""Grupo B"",""Alguna educacion superior"",""Gratis/Reducido"",""Ninguno"",""41"",""39"",""34"""
"Femenino,""Grupo C"",""Alguna educacion superior"",""Gratis/Reducido"",""Ninguno"",""62"",""67"",""62"""
"Masculino,""Grupo C"",""Licenciatura"",""Estandar"",""Ninguno"",""86"",""83"",""86"""
"Masculino,""Grupo C"",""Algun instituto"",""Gratis/Reducido"",""Ninguno"",""69"",""71"",""65"""
"Masculino,""Grupo A"",""Algun instituto"",""Gratis/Reducido"",""Ninguno"",""65"",""59"",""53"""
"Masculino,""Grupo C"",""Algun instituto"",""Gratis/Reducido"",""Ninguno"",""68"",""63"",""54"""
"Masculino,""Grupo C"",""Grado asociado"",""Gratis/Reducido"",""Ninguno"",""64"",""66"",""59"""
"Femenino,""Grupo C"",""Escuela secundaria"",""Estandar"",""Ninguno"",""61"",""72"",""70"""
"Masculino,""Grupo C"",""Escuela secundaria"",""Estandar"",""Ninguno"",""61"",""56"",""55"""
"Femenino,""Grupo A"",""Algun instituto"",""Gratis/Reducido"",""Ninguno"",""47"",""59"",""50"""
"Masculino,""Grupo C"",""Algun instituto"",""Estandar"",""Ninguno"",""73"",""66"",""66"""
"Masculino,""Grupo C"",""Alguna educacion superior"",""Gratis/Reducido"",""Tiempo completo"",""50"",""48"",""53"""
"Masculino,""Grupo D"",""Grado asociado"",""Estandar"",""Ninguno"",""75"",""68"",""64"""
"Masculino,""Grupo D"",""Grado asociado"",""Gratis/Reducido"",""Ninguno"",""75"",""66"",""73"""
"Masculino,""Grupo C"",""Escuela secundaria"",""Estandar"",""Ninguno"",""70"",""56"",""51"""
"Masculino,""Grupo D"",""Algun instituto"",""Estandar"",""Tiempo completo"",""89"",""88"",""82"""
"Femenino,""Grupo C"",""Alguna educacion superior"",""Estandar"",""Tiempo completo"",""67"",""81"",""79"""
"Femenino,""Grupo D"",""Escuela secundaria"",""Estandar"",""Ninguno"",""78"",""81"",""80"""
"Femenino,""Grupo A"",""Algun instituto"",""Gratis/Reducido"",""Ninguno"",""59"",""73"",""69"""
"Femenino,""Grupo B"",""Grado asociado"",""Estandar"",""Ninguno"",""73"",""83"",""76"""
"Masculino,""Grupo A"",""Algun instituto"",""Gratis/Reducido"",""Ninguno"",""79"",""82"",""73"""
"Femenino,""Grupo C"",""Algun instituto"",""Estandar"",""Tiempo completo"",""67"",""74"",""77"""
"Masculino,""Grupo D"",""Alguna educacion superior"",""Gratis/Reducido"",""Ninguno"",""69"",""66"",""60"""
"Masculino,""Grupo C"",""Escuela secundaria"",""Estandar"",""Tiempo completo"",""86"",""81"",""80"""
"Masculino,""Grupo B"",""Escuela secundaria"",""Estandar"",""Ninguno"",""47"",""46"",""42"""
"Masculino,""Grupo B"",""Grado asociado"",""Estandar"",""Ninguno"",""81"",""73"",""72"""
"Femenino,""Grupo C"",""Alguna educacion superior"",""Gratis/Reducido"",""Tiempo completo"",""64"",""85"",""85"""
"Femenino,""Grupo E"",""Alguna educacion superior"",""Estandar"",""Ninguno"",""100"",""92"",""97"""
"Femenino,""Grupo C"",""Grado asociado"",""Gratis/Reducido"",""Ninguno"",""65"",""77"",""74"""
"Masculino,""Grupo C"",""Alguna educacion superior"",""Gratis/Reducido"",""Ninguno"",""65"",""58"",""49"""
"Femenino,""Grupo C"",""Grado asociado"",""Gratis/Reducido"",""Ninguno"",""53"",""61"",""62"""
"Masculino,""Grupo C"",""Licenciatura"",""Gratis/Reducido"",""Ninguno"",""37"",""56"",""47"""
"Femenino,""Grupo D"",""Licenciatura"",""Estandar"",""Ninguno"",""79"",""89"",""89"""
"Masculino,""Grupo D"",""Grado asociado"",""Gratis/Reducido"",""Ninguno"",""53"",""54"",""48"""
"Femenino,""Grupo E"",""Licenciatura"",""Estandar"",""Ninguno"",""100"",""100"",""100"""
"Masculino,""Grupo B"",""Escuela secundaria"",""Estandar"",""Tiempo completo"",""72"",""65"",""68"""
"Masculino,""Grupo C"",""Licenciatura"",""Gratis/Reducido"",""Ninguno"",""53"",""58"",""55"""
"Masculino,""Grupo B"",""Alguna educacion superior"",""Gratis/Reducido"",""Ninguno"",""54"",""54"",""45"""
"Femenino,""Grupo E"",""Alguna educacion superior"",""Estandar"",""Ninguno"",""71"",""70"",""76"""
"Femenino,""Grupo C"",""Alguna educacion superior"",""Gratis/Reducido"",""Ninguno"",""77"",""90"",""91"""
"Masculino,""Grupo A"",""Licenciatura"",""Estandar"",""Tiempo completo"",""75"",""58"",""62"""
"Femenino,""Grupo C"",""Alguna educacion superior"",""Estandar"",""Ninguno"",""84"",""87"",""91"""
"Femenino,""Grupo D"",""Grado asociado"",""Gratis/Reducido"",""Ninguno"",""26"",""31"",""38"""
"Masculino,""Grupo A"",""Escuela secundaria"",""Gratis/Reducido"",""Tiempo completo"",""72"",""67"",""65"""
"Femenino,""Grupo A"",""Escuela secundaria"",""Gratis/Reducido"",""Tiempo completo"",""77"",""88"",""85"""
"Masculino,""Grupo C"",""Alguna educacion superior"",""Estandar"",""Ninguno"",""91"",""74"",""76"""
"Femenino,""Grupo C"",""Grado asociado"",""Estandar"",""Tiempo completo"",""83"",""85"",""90"""
"Femenino,""Grupo C"",""Escuela secundaria"",""Estandar"",""Ninguno"",""63"",""69"",""74"""
"Femenino,""Grupo C"",""Grado asociado"",""Estandar"",""Tiempo completo"",""68"",""86"",""84"""
"Femenino,""Grupo D"",""Algun instituto"",""Estandar"",""Ninguno"",""59"",""67"",""61"""
"Femenino,""Grupo B"",""Grado asociado"",""Estandar"",""Tiempo completo"",""90"",""90"",""91"""
"Femenino,""Grupo D"",""Licenciatura"",""Estandar"",""Tiempo completo"",""71"",""76"",""83"""
"Masculino,""Grupo E"",""Licenciatura"",""Estandar"",""Tiempo completo"",""76"",""62"",""66"""
"Masculino,""Grupo D"",""Grado asociado"",""Estandar"",""Ninguno"",""80"",""68"",""72"""
"Femenino,""Grupo D"",""Maestria"",""Estandar"",""Ninguno"",""55"",""64"",""70"""
"Masculino,""Grupo E"",""Grado asociado"",""Estandar"",""Ninguno"",""76"",""71"",""67"""
"Masculino,""Grupo B"",""Escuela secundaria"",""Estandar"",""Tiempo completo"",""73"",""71"",""68"""
"Femenino,""Grupo D"",""Grado asociado"",""Gratis/Reducido"",""Ninguno"",""52"",""59"",""56"""
"Masculino,""Grupo C"",""Alguna educacion superior"",""Gratis/Reducido"",""Ninguno"",""68"",""68"",""61"""
"Masculino,""Grupo A"",""Escuela secundaria"",""Estandar"",""Ninguno"",""59"",""52"",""46"""
"Femenino,""Grupo B"",""Grado asociado"",""Estandar"",""Ninguno"",""49"",""52"",""54"""
"Masculino,""Grupo C"",""Escuela secundaria"",""Estandar"",""Ninguno"",""70"",""74"",""71"""
"Masculino,""Grupo D"",""Alguna educacion superior"",""Gratis/Reducido"",""Ninguno"",""61"",""47"",""56"""
"Femenino,""Grupo C"",""Grado asociado"",""Gratis/Reducido"",""Ninguno"",""60"",""75"",""74"""
"Masculino,""Grupo B"",""Algun instituto"",""Estandar"",""Tiempo completo"",""64"",""53"",""57"""
"Masculino,""Grupo A"",""Grado asociado"",""Gratis/Reducido"",""Tiempo completo"",""79"",""82"",""82"""
"Femenino,""Grupo A"",""Grado asociado"",""Gratis/Reducido"",""Ninguno"",""65"",""85"",""76"""
"Femenino,""Grupo C"",""Grado asociado"",""Estandar"",""Ninguno"",""64"",""64"",""70"""
"Femenino,""Grupo C"",""Alguna educacion superior"",""Estandar"",""Ninguno"",""83"",""83"",""90"""
"Femenino,""Grupo C"",""Licenciatura"",""Estandar"",""Ninguno"",""81"",""88"",""90"""
"Femenino,""Grupo B"",""Escuela secundaria"",""Estandar"",""Ninguno"",""54"",""64"",""68"""
"Masculino,""Grupo D"",""Escuela secundaria"",""Estandar"",""Tiempo completo"",""68"",""64"",""66"""
"Femenino,""Grupo C"",""Alguna educacion superior"",""Estandar"",""Ninguno"",""54"",""48"",""52"""
"Femenino,""Grupo D"",""Alguna educacion superior"",""Gratis/Reducido"",""Tiempo completo"",""59"",""78"",""76"""
"Femenino,""Grupo B"",""Algun instituto"",""Estandar"",""Ninguno"",""66"",""69"",""68"""
"Masculino,""Grupo E"",""Alguna educacion superior"",""Estandar"",""Ninguno"",""76"",""71"",""72"""
"Femenino,""Grupo D"",""Maestria"",""Estandar"",""Ninguno"",""74"",""79"",""82"""
"Femenino,""Grupo B"",""Grado asociado"",""Estandar"",""Tiempo completo"",""94"",""87"",""92"""
"Masculino,""Grupo C"",""Alguna educacion superior"",""Gratis/Reducido"",""Ninguno"",""63"",""61"",""54"""
"Femenino,""Grupo E"",""Grado asociado"",""Estandar"",""Tiempo completo"",""95"",""89"",""92"""
"Femenino,""Grupo D"",""Maestria"",""Gratis/Reducido"",""Ninguno"",""40"",""59"",""54"""
"Femenino,""Grupo B"",""Algun instituto"",""Estandar"",""Ninguno"",""82"",""82"",""80"""
"Masculino,""Grupo A"",""Escuela secundaria"",""Estandar"",""Ninguno"",""68"",""70"",""66"""
"Masculino,""Grupo B"",""Licenciatura"",""Gratis/Reducido"",""Ninguno"",""55"",""59"",""54"""
"Masculino,""Grupo C"",""Maestria"",""Estandar"",""Ninguno"",""79"",""78"",""77"""
"Femenino,""Grupo C"",""Licenciatura"",""Estandar"",""Ninguno"",""86"",""92"",""87"""
"Masculino,""Grupo D"",""Alguna educacion superior"",""Estandar"",""Ninguno"",""76"",""71"",""73"""
"Masculino,""Grupo A"",""Algun instituto"",""Estandar"",""Ninguno"",""64"",""50"",""43"""
"Masculino,""Grupo D"",""Algun instituto"",""Gratis/Reducido"",""Ninguno"",""62"",""49"",""52"""
"Femenino,""Grupo B"",""Algun instituto"",""Estandar"",""Tiempo completo"",""54"",""61"",""62"""
"Femenino,""Grupo B"",""Maestria"",""Gratis/Reducido"",""Tiempo completo"",""77"",""97"",""94"""
"Femenino,""Grupo C"",""Algun instituto"",""Estandar"",""Tiempo completo"",""76"",""87"",""85"""
"Femenino,""Grupo D"",""Alguna educacion superior"",""Estandar"",""Ninguno"",""74"",""89"",""84"""
"Femenino,""Grupo E"",""Alguna educacion superior"",""Estandar"",""Tiempo completo"",""66"",""74"",""73"""
"Femenino,""Grupo D"",""Algun instituto"",""Estandar"",""Tiempo completo"",""66"",""78"",""78"""
"Femenino,""Grupo B"",""Escuela secundaria"",""Gratis/Reducido"",""Tiempo completo"",""67"",""78"",""79"""
"Masculino,""Grupo D"",""Alguna educacion superior"",""Estandar"",""Ninguno"",""71"",""49"",""52"""
"Femenino,""Grupo C"",""Grado asociado"",""Estandar"",""Ninguno"",""91"",""86"",""84"""
"Masculino,""Grupo D"",""Licenciatura"",""Estandar"",""Ninguno"",""69"",""58"",""57"""
"Masculino,""Grupo C"",""Maestria"",""Gratis/Reducido"",""Ninguno"",""54"",""59"",""50"""
"Masculino,""Grupo C"",""Escuela secundaria"",""Estandar"",""Tiempo completo"",""53"",""52"",""49"""
"Masculino,""Grupo E"",""Alguna educacion superior"",""Estandar"",""Ninguno"",""68"",""60"",""59"""
"Masculino,""Grupo C"",""Algun instituto"",""Gratis/Reducido"",""Tiempo completo"",""56"",""61"",""60"""
"Femenino,""Grupo C"",""Escuela secundaria"",""Gratis/Reducido"",""Ninguno"",""36"",""53"",""43"""
"Femenino,""Grupo D"",""Licenciatura"",""Gratis/Reducido"",""Ninguno"",""29"",""41"",""47"""
"Femenino,""Grupo C"",""Grado asociado"",""Estandar"",""Ninguno"",""62"",""74"",""70"""
"Femenino,""Grupo C"",""Grado asociado"",""Estandar"",""Tiempo completo"",""68"",""67"",""73"""
"Femenino,""Grupo C"",""Algun instituto"",""Estandar"",""Ninguno"",""47"",""54"",""53"""
"Masculino,""Grupo E"",""Grado asociado"",""Estandar"",""Tiempo completo"",""62"",""61"",""58"""
"Femenino,""Grupo E"",""Grado asociado"",""Estandar"",""Tiempo completo"",""79"",""88"",""94"""
"Masculino,""Grupo B"",""Escuela secundaria"",""Estandar"",""Tiempo completo"",""73"",""69"",""68"""
"Femenino,""Grupo C"",""Licenciatura"",""Gratis/Reducido"",""Tiempo completo"",""66"",""83"",""83"""
"Masculino,""Grupo C"",""Grado asociado"",""Estandar"",""Tiempo completo"",""51"",""60"",""58"""
"Femenino,""Grupo D"",""Escuela secundaria"",""Estandar"",""Ninguno"",""51"",""66"",""62"""
"Masculino,""Grupo E"",""Licenciatura"",""Estandar"",""Tiempo completo"",""85"",""66"",""71"""
"Masculino,""Grupo A"",""Grado asociado"",""Estandar"",""Tiempo completo"",""97"",""92"",""86"""
"Masculino,""Grupo C"",""Escuela secundaria"",""Estandar"",""Tiempo completo"",""75"",""69"",""68"""
"Masculino,""Grupo D"",""Grado asociado"",""Gratis/Reducido"",""Tiempo completo"",""79"",""82"",""80"""
"Femenino,""Grupo C"",""Grado asociado"",""Estandar"",""Ninguno"",""81"",""77"",""79"""
"Femenino,""Grupo D"",""Grado asociado"",""Estandar"",""Ninguno"",""82"",""95"",""89"""
"Femenino,""Grupo D"",""Maestria"",""Estandar"",""Ninguno"",""64"",""63"",""66"""
"Masculino,""Grupo E"",""Algun instituto"",""Gratis/Reducido"",""Tiempo completo"",""78"",""83"",""80"""
"Femenino,""Grupo A"",""Algun instituto"",""Estandar"",""Tiempo completo"",""92"",""100"",""97"""
"Masculino,""Grupo C"",""Escuela secundaria"",""Estandar"",""Tiempo completo"",""72"",""67"",""64"""
"Femenino,""Grupo C"",""Escuela secundaria"",""Gratis/Reducido"",""Ninguno"",""62"",""67"",""64"""
"Masculino,""Grupo C"",""Maestria"",""Estandar"",""Ninguno"",""79"",""72"",""69"""
"Masculino,""Grupo C"",""Algun instituto"",""Gratis/Reducido"",""Ninguno"",""79"",""76"",""65"""
"Masculino,""Grupo B"",""Licenciatura"",""Gratis/Reducido"",""Tiempo completo"",""87"",""90"",""88"""
"Femenino,""Grupo B"",""Grado asociado"",""Estandar"",""Ninguno"",""40"",""48"",""50"""
"Masculino,""Grupo D"",""Alguna educacion superior"",""Gratis/Reducido"",""Ninguno"",""77"",""62"",""64"""
"Masculino,""Grupo E"",""Grado asociado"",""Estandar"",""Ninguno"",""53"",""45"",""40"""
"Femenino,""Grupo C"",""Alguna educacion superior"",""Gratis/Reducido"",""Ninguno"",""32"",""39"",""33"""
"Femenino,""Grupo C"",""Grado asociado"",""Estandar"",""Tiempo completo"",""55"",""72"",""79"""
"Masculino,""Grupo C"",""Maestria"",""Gratis/Reducido"",""Ninguno"",""61"",""67"",""66"""
"Femenino,""Grupo B"",""Grado asociado"",""Gratis/Reducido"",""Ninguno"",""53"",""70"",""70"""
"Masculino,""Grupo D"",""Algun instituto"",""Estandar"",""Ninguno"",""73"",""66"",""62"""
"Femenino,""Grupo D"",""Alguna educacion superior"",""Estandar"",""Tiempo completo"",""74"",""75"",""79"""
"Femenino,""Grupo C"",""Alguna educacion superior"",""Estandar"",""Ninguno"",""63"",""74"",""74"""
"Masculino,""Grupo C"",""Licenciatura"",""Estandar"",""Tiempo completo"",""96"",""90"",""92"""
"Femenino,""Grupo D"",""Alguna educacion superior"",""Gratis/Reducido"",""Tiempo completo"",""63"",""80"",""80"""
"Masculino,""Grupo B"",""Licenciatura"",""Gratis/Reducido"",""Ninguno"",""48"",""51"",""46"""
"Masculino,""Grupo B"",""Grado asociado"",""Estandar"",""Ninguno"",""48"",""43"",""45"""
"Femenino,""Grupo E"",""Licenciatura"",""Gratis/Reducido"",""Tiempo completo"",""92"",""100"",""100"""
"Femenino,""Grupo D"",""Maestria"",""Gratis/Reducido"",""Tiempo completo"",""61"",""71"",""78"""
"Masculino,""Grupo B"",""Escuela secundaria"",""Gratis/Reducido"",""Ninguno"",""63"",""48"",""47"""
"Masculino,""Grupo D"",""Licenciatura"",""Gratis/Reducido"",""Ninguno"",""68"",""68"",""67"""
"Masculino,""Grupo B"",""Alguna educacion superior"",""Estandar"",""Tiempo completo"",""71"",""75"",""70"""
"Masculino,""Grupo A"",""Licenciatura"",""Estandar"",""Ninguno"",""91"",""96"",""92"""
"Femenino,""Grupo C"",""Alguna educacion superior"",""Estandar"",""Ninguno"",""53"",""62"",""56"""
"Femenino,""Grupo C"",""Escuela secundaria"",""Gratis/Reducido"",""Tiempo completo"",""50"",""66"",""64"""
"Femenino,""Grupo E"",""Escuela secundaria"",""Estandar"",""Ninguno"",""74"",""81"",""71"""
"Masculino,""Grupo A"",""Grado asociado"",""Gratis/Reducido"",""Tiempo completo"",""40"",""55"",""53"""
"Masculino,""Grupo A"",""Alguna educacion superior"",""Estandar"",""Tiempo completo"",""61"",""51"",""52"""
"Femenino,""Grupo B"",""Escuela secundaria"",""Estandar"",""Ninguno"",""81"",""91"",""89"""
"Femenino,""Grupo B"",""Alguna educacion superior"",""Gratis/Reducido"",""Tiempo completo"",""48"",""56"",""58"""
"Femenino,""Grupo D"",""Maestria"",""Estandar"",""Ninguno"",""53"",""61"",""68"""
"Femenino,""Grupo D"",""Algun instituto"",""Estandar"",""Ninguno"",""81"",""97"",""96"""
"Femenino,""Grupo E"",""Algun instituto"",""Estandar"",""Ninguno"",""77"",""79"",""80"""
"Femenino,""Grupo D"",""Licenciatura"",""Gratis/Reducido"",""Ninguno"",""63"",""73"",""78"""
"Femenino,""Grupo D"",""Grado asociado"",""Estandar"",""Tiempo completo"",""73"",""75"",""80"""
"Femenino,""Grupo D"",""Alguna educacion superior"",""Estandar"",""Ninguno"",""69"",""77"",""77"""
"Femenino,""Grupo C"",""Grado asociado"",""Estandar"",""Ninguno"",""65"",""76"",""76"""
"Femenino,""Grupo A"",""Escuela secundaria"",""Estandar"",""Ninguno"",""55"",""73"",""73"""
"Femenino,""Grupo C"",""Licenciatura"",""Gratis/Reducido"",""Ninguno"",""44"",""63"",""62"""
"Femenino,""Grupo C"",""Alguna educacion superior"",""Estandar"",""Ninguno"",""54"",""64"",""65"""
"Femenino,""Grupo A"",""Algun instituto"",""Estandar"",""Ninguno"",""48"",""66"",""65"""
"Masculino,""Grupo C"",""Alguna educacion superior"",""Gratis/Reducido"",""Ninguno"",""58"",""57"",""54"""
"Masculino,""Grupo A"",""Algun instituto"",""Estandar"",""Ninguno"",""71"",""62"",""50"""
"Masculino,""Grupo E"",""Licenciatura"",""Estandar"",""Ninguno"",""68"",""68"",""64"""
"Femenino,""Grupo E"",""Escuela secundaria"",""Estandar"",""Ninguno"",""74"",""76"",""73"""
"Femenino,""Grupo C"",""Licenciatura"",""Estandar"",""Tiempo completo"",""92"",""100"",""99"""
"Femenino,""Grupo C"",""Licenciatura"",""Estandar"",""Tiempo completo"",""56"",""79"",""72"""
"Masculino,""Grupo B"",""Escuela secundaria"",""Gratis/Reducido"",""Ninguno"",""30"",""24"",""15"""
"Masculino,""Grupo A"",""Algun instituto"",""Estandar"",""Ninguno"",""53"",""54"",""48"""
"Femenino,""Grupo D"",""Escuela secundaria"",""Estandar"",""Ninguno"",""69"",""77"",""73"""
"Femenino,""Grupo D"",""Algun instituto"",""Estandar"",""Ninguno"",""65"",""82"",""81"""
"Femenino,""Grupo D"",""Maestria"",""Estandar"",""Ninguno"",""54"",""60"",""63"""
"Femenino,""Grupo C"",""Escuela secundaria"",""Estandar"",""Ninguno"",""29"",""29"",""30"""
"Femenino,""Grupo E"",""Alguna educacion superior"",""Estandar"",""Ninguno"",""76"",""78"",""80"""
"Masculino,""Grupo D"",""Escuela secundaria"",""Gratis/Reducido"",""Ninguno"",""60"",""57"",""51"""
"Masculino,""Grupo D"",""Maestria"",""Gratis/Reducido"",""Tiempo completo"",""84"",""89"",""90"""
"Masculino,""Grupo C"",""Algun instituto"",""Estandar"",""Ninguno"",""75"",""72"",""62"""
"Femenino,""Grupo C"",""Grado asociado"",""Estandar"",""Ninguno"",""85"",""84"",""82"""
"Femenino,""Grupo C"",""Maestria"",""Gratis/Reducido"",""Ninguno"",""40"",""58"",""54"""
"Femenino,""Grupo E"",""Alguna educacion superior"",""Estandar"",""Ninguno"",""61"",""64"",""62"""
"Femenino,""Grupo B"",""Grado asociado"",""Estandar"",""Ninguno"",""58"",""63"",""65"""
"Masculino,""Grupo D"",""Alguna educacion superior"",""Gratis/Reducido"",""Tiempo completo"",""69"",""60"",""63"""
"Femenino,""Grupo C"",""Alguna educacion superior"",""Estandar"",""Ninguno"",""58"",""59"",""66"""
"Masculino,""Grupo C"",""Licenciatura"",""Estandar"",""Tiempo completo"",""94"",""90"",""91"""
"Femenino,""Grupo C"",""Grado asociado"",""Estandar"",""Ninguno"",""65"",""77"",""74"""
"Femenino,""Grupo A"",""Grado asociado"",""Estandar"",""Ninguno"",""82"",""93"",""93"""
"Femenino,""Grupo C"",""Escuela secundaria"",""Estandar"",""Ninguno"",""60"",""68"",""72"""
"Femenino,""Grupo E"",""Licenciatura"",""Estandar"",""Ninguno"",""37"",""45"",""38"""
"Masculino,""Grupo D"",""Licenciatura"",""Estandar"",""Ninguno"",""88"",""78"",""83"""
"Masculino,""Grupo D"",""Maestria"",""Estandar"",""Ninguno"",""95"",""81"",""84"""
"Masculino,""Grupo C"",""Grado asociado"",""Gratis/Reducido"",""Tiempo completo"",""65"",""73"",""68"""
"Femenino,""Grupo C"",""Escuela secundaria"",""Gratis/Reducido"",""Ninguno"",""35"",""61"",""54"""
"Masculino,""Grupo B"",""Licenciatura"",""Gratis/Reducido"",""Ninguno"",""62"",""63"",""56"""
"Masculino,""Grupo C"",""Escuela secundaria"",""Gratis/Reducido"",""Tiempo completo"",""58"",""51"",""52"""
"Masculino,""Grupo A"",""Alguna educacion superior"",""Estandar"",""Tiempo completo"",""100"",""96"",""86"""
"Femenino,""Grupo E"",""Licenciatura"",""Gratis/Reducido"",""Ninguno"",""61"",""58"",""62"""
"Masculino,""Grupo D"",""Alguna educacion superior"",""Estandar"",""Tiempo completo"",""100"",""97"",""99"""
"Masculino,""Grupo B"",""Grado asociado"",""Gratis/Reducido"",""Tiempo completo"",""69"",""70"",""63"""
"Masculino,""Grupo D"",""Grado asociado"",""Estandar"",""Ninguno"",""61"",""48"",""46"""
"Masculino,""Grupo D"",""Alguna educacion superior"",""Gratis/Reducido"",""Ninguno"",""49"",""57"",""46"""
"Femenino,""Grupo C"",""Algun instituto"",""Estandar"",""Tiempo completo"",""44"",""51"",""55"""
"Masculino,""Grupo D"",""Alguna educacion superior"",""Estandar"",""Ninguno"",""67"",""64"",""70"""
"Masculino,""Grupo B"",""Escuela secundaria"",""Estandar"",""Ninguno"",""79"",""60"",""65"""
"Femenino,""Grupo B"",""Licenciatura"",""Estandar"",""Tiempo completo"",""66"",""74"",""81"""
"Femenino,""Grupo C"",""Escuela secundaria"",""Estandar"",""Ninguno"",""75"",""88"",""85"""
"Masculino,""Grupo D"",""Algun instituto"",""Estandar"",""Ninguno"",""84"",""84"",""80"""
"Masculino,""Grupo A"",""Escuela secundaria"",""Estandar"",""Ninguno"",""71"",""74"",""64"""
"Femenino,""Grupo B"",""Escuela secundaria"",""Gratis/Reducido"",""Tiempo completo"",""67"",""80"",""81"""
"Femenino,""Grupo D"",""Algun instituto"",""Estandar"",""Tiempo completo"",""80"",""92"",""88"""
"Masculino,""Grupo E"",""Alguna educacion superior"",""Estandar"",""Ninguno"",""86"",""76"",""74"""
"Femenino,""Grupo D"",""Grado asociado"",""Estandar"",""Ninguno"",""76"",""74"",""73"""
"Masculino,""Grupo D"",""Escuela secundaria"",""Estandar"",""Ninguno"",""41"",""52"",""51"""
"Femenino,""Grupo D"",""Grado asociado"",""Gratis/Reducido"",""Tiempo completo"",""74"",""88"",""90"""
"Femenino,""Grupo B"",""Algun instituto"",""Gratis/Reducido"",""Ninguno"",""72"",""81"",""79"""
"Femenino,""Grupo E"",""Escuela secundaria"",""Estandar"",""Tiempo completo"",""74"",""79"",""80"""
"Masculino,""Grupo B"",""Escuela secundaria"",""Estandar"",""Ninguno"",""70"",""65"",""60"""
"Femenino,""Grupo B"",""Licenciatura"",""Estandar"",""Tiempo completo"",""65"",""81"",""81"""
"Femenino,""Grupo D"",""Grado asociado"",""Estandar"",""Ninguno"",""59"",""70"",""65"""
"Femenino,""Grupo E"",""Escuela secundaria"",""Gratis/Reducido"",""Ninguno"",""64"",""62"",""68"""
"Femenino,""Grupo B"",""Escuela secundaria"",""Estandar"",""Ninguno"",""50"",""53"",""55"""
"Femenino,""Grupo D"",""Alguna educacion superior"",""Estandar"",""Tiempo completo"",""69"",""79"",""81"""
"Masculino,""Grupo C"",""Algun instituto"",""Gratis/Reducido"",""Tiempo completo"",""51"",""56"",""53"""
"Femenino,""Grupo A"",""Escuela secundaria"",""Estandar"",""Tiempo completo"",""68"",""80"",""76"""
"Femenino,""Grupo D"",""Alguna educacion superior"",""Estandar"",""Tiempo completo"",""85"",""86"",""98"""
"Femenino,""Grupo A"",""Grado asociado"",""Estandar"",""Tiempo completo"",""65"",""70"",""74"""
"Femenino,""Grupo B"",""Algun instituto"",""Estandar"",""Ninguno"",""73"",""79"",""79"""
"Femenino,""Grupo B"",""Alguna educacion superior"",""Estandar"",""Ninguno"",""62"",""67"",""67"""
"Masculino,""Grupo C"",""Grado asociado"",""Gratis/Reducido"",""Ninguno"",""77"",""67"",""64"""
"Masculino,""Grupo D"",""Algun instituto"",""Estandar"",""Ninguno"",""69"",""66"",""61"""
"Femenino,""Grupo D"",""Grado asociado"",""Gratis/Reducido"",""Ninguno"",""43"",""60"",""58"""
"Masculino,""Grupo D"",""Grado asociado"",""Estandar"",""Ninguno"",""90"",""87"",""85"""
"Masculino,""Grupo C"",""Alguna educacion superior"",""Gratis/Reducido"",""Ninguno"",""74"",""77"",""73"""
"Masculino,""Grupo C"",""Algun instituto"",""Estandar"",""Ninguno"",""73"",""66"",""63"""
"Femenino,""Grupo D"",""Alguna educacion superior"",""Gratis/Reducido"",""Ninguno"",""55"",""71"",""69"""
"Femenino,""Grupo C"",""Escuela secundaria"",""Estandar"",""Ninguno"",""65"",""69"",""67"""
"Masculino,""Grupo D"",""Grado asociado"",""Estandar"",""Ninguno"",""80"",""63"",""63"""
"Femenino,""Grupo C"",""Algun instituto"",""Gratis/Reducido"",""Tiempo completo"",""50"",""60"",""60"""
"Femenino,""Grupo C"",""Alguna educacion superior"",""Gratis/Reducido"",""Tiempo completo"",""63"",""73"",""71"""
"Femenino,""Grupo B"",""Licenciatura"",""Gratis/Reducido"",""Ninguno"",""77"",""85"",""87"""
"Masculino,""Grupo C"",""Alguna educacion superior"",""Estandar"",""Ninguno"",""73"",""74"",""61"""
"Masculino,""Grupo D"",""Grado asociado"",""Estandar"",""Tiempo completo"",""81"",""72"",""77"""
"Femenino,""Grupo C"",""Escuela secundaria"",""Gratis/Reducido"",""Ninguno"",""66"",""76"",""68"""
"Masculino,""Grupo D"",""Grado asociado"",""Gratis/Reducido"",""Ninguno"",""52"",""57"",""50"""
"Femenino,""Grupo C"",""Alguna educacion superior"",""Estandar"",""Ninguno"",""69"",""78"",""76"""
"Femenino,""Grupo C"",""Grado asociado"",""Estandar"",""Tiempo completo"",""65"",""84"",""84"""
"Femenino,""Grupo D"",""Escuela secundaria"",""Estandar"",""Tiempo completo"",""69"",""77"",""78"""
"Femenino,""Grupo B"",""Alguna educacion superior"",""Estandar"",""Tiempo completo"",""50"",""64"",""66"""
"Femenino,""Grupo E"",""Alguna educacion superior"",""Estandar"",""Tiempo completo"",""73"",""78"",""76"""
"Femenino,""Grupo C"",""Algun instituto"",""Estandar"",""Tiempo completo"",""70"",""82"",""76"""
"Masculino,""Grupo D"",""Grado asociado"",""Gratis/Reducido"",""Ninguno"",""81"",""75"",""78"""
"Masculino,""Grupo D"",""Alguna educacion superior"",""Gratis/Reducido"",""Ninguno"",""63"",""61"",""60"""
"Femenino,""Grupo D"",""Escuela secundaria"",""Estandar"",""Ninguno"",""67"",""72"",""74"""
"Masculino,""Grupo B"",""Escuela secundaria"",""Estandar"",""Ninguno"",""60"",""68"",""60"""
"Masculino,""Grupo B"",""Escuela secundaria"",""Estandar"",""Ninguno"",""62"",""55"",""54"""
"Femenino,""Grupo C"",""Algun instituto"",""Gratis/Reducido"",""Tiempo completo"",""29"",""40"",""44"""
"Masculino,""Grupo B"",""Alguna educacion superior"",""Estandar"",""Tiempo completo"",""62"",""66"",""68"""
"Femenino,""Grupo E"",""Maestria"",""Estandar"",""Tiempo completo"",""94"",""99"",""100"""
"Masculino,""Grupo E"",""Alguna educacion superior"",""Estandar"",""Tiempo completo"",""85"",""75"",""68"""
"Masculino,""Grupo D"",""Grado asociado"",""Gratis/Reducido"",""Ninguno"",""77"",""78"",""73"""
"Masculino,""Grupo A"",""Escuela secundaria"",""Gratis/Reducido"",""Ninguno"",""53"",""58"",""44"""
"Masculino,""Grupo E"",""Alguna educacion superior"",""Gratis/Reducido"",""Ninguno"",""93"",""90"",""83"""
"Femenino,""Grupo C"",""Grado asociado"",""Estandar"",""Ninguno"",""49"",""53"",""53"""
"Femenino,""Grupo E"",""Grado asociado"",""Gratis/Reducido"",""Ninguno"",""73"",""76"",""78"""
"Femenino,""Grupo C"",""Licenciatura"",""Gratis/Reducido"",""Tiempo completo"",""66"",""74"",""81"""
"Femenino,""Grupo D"",""Grado asociado"",""Estandar"",""Ninguno"",""77"",""77"",""73"""
"Femenino,""Grupo C"",""Algun instituto"",""Estandar"",""Ninguno"",""49"",""63"",""56"""
"Femenino,""Grupo D"",""Alguna educacion superior"",""Gratis/Reducido"",""Ninguno"",""79"",""89"",""86"""
"Femenino,""Grupo C"",""Grado asociado"",""Estandar"",""Tiempo completo"",""75"",""82"",""90"""
"Femenino,""Grupo A"",""Licenciatura"",""Estandar"",""Ninguno"",""59"",""72"",""70"""
"Femenino,""Grupo D"",""Grado asociado"",""Estandar"",""Tiempo completo"",""57"",""78"",""79"""
"Masculino,""Grupo C"",""Escuela secundaria"",""Gratis/Reducido"",""Ninguno"",""66"",""66"",""59"""
"Femenino,""Grupo E"",""Licenciatura"",""Estandar"",""Tiempo completo"",""79"",""81"",""82"""
"Femenino,""Grupo B"",""Algun instituto"",""Estandar"",""Ninguno"",""57"",""67"",""72"""
"Masculino,""Grupo A"",""Licenciatura"",""Estandar"",""Tiempo completo"",""87"",""84"",""87"""
"Femenino,""Grupo D"",""Alguna educacion superior"",""Estandar"",""Ninguno"",""63"",""64"",""67"""
"Femenino,""Grupo B"",""Algun instituto"",""Gratis/Reducido"",""Tiempo completo"",""59"",""63"",""64"""
"Masculino,""Grupo A"",""Licenciatura"",""Gratis/Reducido"",""Ninguno"",""62"",""72"",""65"""
"Masculino,""Grupo D"",""Escuela secundaria"",""Estandar"",""Ninguno"",""46"",""34"",""36"""
"Masculino,""Grupo C"",""Alguna educacion superior"",""Estandar"",""Ninguno"",""66"",""59"",""52"""
"Masculino,""Grupo D"",""Escuela secundaria"",""Estandar"",""Ninguno"",""89"",""87"",""79"""
"Femenino,""Grupo D"",""Grado asociado"",""Gratis/Reducido"",""Tiempo completo"",""42"",""61"",""58"""
"Masculino,""Grupo C"",""Alguna educacion superior"",""Estandar"",""Tiempo completo"",""93"",""84"",""90"""
"Femenino,""Grupo E"",""Algun instituto"",""Estandar"",""Tiempo completo"",""80"",""85"",""85"""
"Femenino,""Grupo D"",""Alguna educacion superior"",""Estandar"",""Ninguno"",""98"",""100"",""99"""
"Masculino,""Grupo D"",""Maestria"",""Estandar"",""Ninguno"",""81"",""81"",""84"""
"Femenino,""Grupo B"",""Algun instituto"",""Estandar"",""Tiempo completo"",""60"",""70"",""74"""
"Femenino,""Grupo B"",""Grado asociado"",""Gratis/Reducido"",""Tiempo completo"",""76"",""94"",""87"""
"Masculino,""Grupo C"",""Grado asociado"",""Estandar"",""Tiempo completo"",""73"",""78"",""72"""
"Femenino,""Grupo C"",""Grado asociado"",""Estandar"",""Tiempo completo"",""96"",""96"",""99"""
"Femenino,""Grupo C"",""Escuela secundaria"",""Estandar"",""Ninguno"",""76"",""76"",""74"""
"Masculino,""Grupo E"",""Grado asociado"",""Gratis/Reducido"",""Tiempo completo"",""91"",""73"",""80"""
"Femenino,""Grupo C"",""Alguna educacion superior"",""Gratis/Reducido"",""Ninguno"",""62"",""72"",""70"""
"Masculino,""Grupo D"",""Algun instituto"",""Gratis/Reducido"",""Tiempo completo"",""55"",""59"",""59"""
"Femenino,""Grupo B"",""Algun instituto"",""Gratis/Reducido"",""Tiempo completo"",""74"",""90"",""88"""
"Masculino,""Grupo C"",""Escuela secundaria"",""Estandar"",""Ninguno"",""50"",""48"",""42"""
"Masculino,""Grupo B"",""Alguna educacion superior"",""Estandar"",""Ninguno"",""47"",""43"",""41"""
"Masculino,""Grupo E"",""Alguna educacion superior"",""Estandar"",""Tiempo completo"",""81"",""74"",""71"""
"Femenino,""Grupo E"",""Grado asociado"",""Estandar"",""Tiempo completo"",""65"",""75"",""77"""
"Masculino,""Grupo E"",""Algun instituto"",""Estandar"",""Tiempo completo"",""68"",""51"",""57"""
"Femenino,""Grupo D"",""Escuela secundaria"",""Gratis/Reducido"",""Ninguno"",""73"",""92"",""84"""
"Masculino,""Grupo C"",""Alguna educacion superior"",""Estandar"",""Ninguno"",""53"",""39"",""37"""
"Femenino,""Grupo B"",""Grado asociado"",""Gratis/Reducido"",""Tiempo completo"",""68"",""77"",""80"""
"Masculino,""Grupo A"",""Algun instituto"",""Gratis/Reducido"",""Ninguno"",""55"",""46"",""43"""
"Femenino,""Grupo C"",""Alguna educacion superior"",""Estandar"",""Tiempo completo"",""87"",""89"",""94"""
"Masculino,""Grupo D"",""Algun instituto"",""Estandar"",""Ninguno"",""55"",""47"",""44"""
"Femenino,""Grupo E"",""Alguna educacion superior"",""Gratis/Reducido"",""Ninguno"",""53"",""58"",""57"""
"Masculino,""Grupo C"",""Maestria"",""Estandar"",""Ninguno"",""67"",""57"",""59"""
"Masculino,""Grupo C"",""Grado asociado"",""Estandar"",""Ninguno"",""92"",""79"",""84"""
"Femenino,""Grupo B"",""Alguna educacion superior"",""Gratis/Reducido"",""Tiempo completo"",""53"",""66"",""73"""
"Masculino,""Grupo D"",""Grado asociado"",""Estandar"",""Ninguno"",""81"",""71"",""73"""
"Masculino,""Grupo C"",""Escuela secundaria"",""Gratis/Reducido"",""Ninguno"",""61"",""60"",""55"""
"Masculino,""Grupo D"",""Licenciatura"",""Estandar"",""Ninguno"",""80"",""73"",""72"""
"Femenino,""Grupo A"",""Grado asociado"",""Gratis/Reducido"",""Ninguno"",""37"",""57"",""56"""
"Femenino,""Grupo C"",""Escuela secundaria"",""Estandar"",""Ninguno"",""81"",""84"",""82"""
"Femenino,""Grupo C"",""Grado asociado"",""Estandar"",""Tiempo completo"",""59"",""73"",""72"""
"Masculino,""Grupo B"",""Alguna educacion superior"",""Gratis/Reducido"",""Ninguno"",""55"",""55"",""47"""
"Masculino,""Grupo D"",""Grado asociado"",""Estandar"",""Ninguno"",""72"",""79"",""74"""
"Masculino,""Grupo D"",""Escuela secundaria"",""Estandar"",""Ninguno"",""69"",""75"",""71"""
"Masculino,""Grupo C"",""Alguna educacion superior"",""Estandar"",""Ninguno"",""69"",""64"",""68"""
"Femenino,""Grupo C"",""Licenciatura"",""Gratis/Reducido"",""Ninguno"",""50"",""60"",""59"""
"Masculino,""Grupo B"",""Alguna educacion superior"",""Estandar"",""Tiempo completo"",""87"",""84"",""86"""
"Masculino,""Grupo D"",""Algun instituto"",""Estandar"",""Tiempo completo"",""71"",""69"",""68"""
"Masculino,""Grupo E"",""Alguna educacion superior"",""Estandar"",""Ninguno"",""68"",""72"",""65"""
"Masculino,""Grupo C"",""Maestria"",""Gratis/Reducido"",""Tiempo completo"",""79"",""77"",""75"""
"Femenino,""Grupo C"",""Algun instituto"",""Estandar"",""Tiempo completo"",""77"",""90"",""85"""
"Masculino,""Grupo C"",""Grado asociado"",""Gratis/Reducido"",""Ninguno"",""58"",""55"",""53"""
"Femenino,""Grupo E"",""Grado asociado"",""Estandar"",""Ninguno"",""84"",""95"",""92"""
"Masculino,""Grupo D"",""Alguna educacion superior"",""Estandar"",""Ninguno"",""55"",""58"",""52"""
"Masculino,""Grupo E"",""Licenciatura"",""Gratis/Reducido"",""Tiempo completo"",""70"",""68"",""72"""
"Femenino,""Grupo D"",""Alguna educacion superior"",""Gratis/Reducido"",""Tiempo completo"",""52"",""59"",""65"""
"Masculino,""Grupo B"",""Alguna educacion superior"",""Estandar"",""Tiempo completo"",""69"",""77"",""77"""
"Femenino,""Grupo C"",""Escuela secundaria"",""Gratis/Reducido"",""Ninguno"",""53"",""72"",""64"""
"Femenino,""Grupo D"",""Algun instituto"",""Estandar"",""Ninguno"",""48"",""58"",""54"""
"Masculino,""Grupo D"",""Algun instituto"",""Estandar"",""Tiempo completo"",""78"",""81"",""86"""
"Femenino,""Grupo B"",""Escuela secundaria"",""Estandar"",""Ninguno"",""62"",""62"",""63"""
"Masculino,""Grupo D"",""Alguna educacion superior"",""Estandar"",""Ninguno"",""60"",""63"",""59"""
"Femenino,""Grupo B"",""Escuela secundaria"",""Estandar"",""Ninguno"",""74"",""72"",""72"""
"Femenino,""Grupo C"",""Escuela secundaria"",""Estandar"",""Tiempo completo"",""58"",""75"",""77"""
"Masculino,""Grupo B"",""Escuela secundaria"",""Estandar"",""Tiempo completo"",""76"",""62"",""60"""
"Femenino,""Grupo D"",""Algun instituto"",""Estandar"",""Ninguno"",""68"",""71"",""75"""
"Masculino,""Grupo A"",""Alguna educacion superior"",""Gratis/Reducido"",""Ninguno"",""58"",""60"",""57"""
"Masculino,""Grupo B"",""Escuela secundaria"",""Estandar"",""Ninguno"",""52"",""48"",""49"""
"Masculino,""Grupo D"",""Licenciatura"",""Estandar"",""Ninguno"",""75"",""73"",""74"""
"Femenino,""Grupo B"",""Algun instituto"",""Gratis/Reducido"",""Tiempo completo"",""52"",""67"",""72"""
"Femenino,""Grupo C"",""Licenciatura"",""Gratis/Reducido"",""Ninguno"",""62"",""78"",""79"""
"Masculino,""Grupo B"",""Alguna educacion superior"",""Estandar"",""Ninguno"",""66"",""65"",""60"""
"Femenino,""Grupo B"",""Algun instituto"",""Gratis/Reducido"",""Ninguno"",""49"",""58"",""55"""
"Femenino,""Grupo B"",""Escuela secundaria"",""Estandar"",""Ninguno"",""66"",""72"",""70"""
"Femenino,""Grupo C"",""Alguna educacion superior"",""Gratis/Reducido"",""Ninguno"",""35"",""44"",""43"""
"Femenino,""Grupo A"",""Alguna educacion superior"",""Estandar"",""Tiempo completo"",""72"",""79"",""82"""
"Masculino,""Grupo E"",""Grado asociado"",""Estandar"",""Tiempo completo"",""94"",""85"",""82"""
"Femenino,""Grupo D"",""Grado asociado"",""Gratis/Reducido"",""Ninguno"",""46"",""56"",""57"""
"Femenino,""Grupo B"",""Maestria"",""Estandar"",""Ninguno"",""77"",""90"",""84"""
"Femenino,""Grupo B"",""Escuela secundaria"",""Gratis/Reducido"",""Tiempo completo"",""76"",""85"",""82"""
"Femenino,""Grupo C"",""Grado asociado"",""Estandar"",""Tiempo completo"",""52"",""59"",""62"""
"Masculino,""Grupo C"",""Licenciatura"",""Estandar"",""Tiempo completo"",""91"",""81"",""79"""
"Femenino,""Grupo B"",""Algun instituto"",""Estandar"",""Tiempo completo"",""32"",""51"",""44"""
"Femenino,""Grupo E"",""Algun instituto"",""Gratis/Reducido"",""Ninguno"",""72"",""79"",""77"""
"Femenino,""Grupo B"",""Alguna educacion superior"",""Estandar"",""Ninguno"",""19"",""38"",""32"""
"Masculino,""Grupo C"",""Grado asociado"",""Gratis/Reducido"",""Ninguno"",""68"",""65"",""61"""
"Femenino,""Grupo C"",""Maestria"",""Gratis/Reducido"",""Ninguno"",""52"",""65"",""61"""
"Femenino,""Grupo B"",""Escuela secundaria"",""Estandar"",""Ninguno"",""48"",""62"",""60"""
"Femenino,""Grupo D"",""Alguna educacion superior"",""Gratis/Reducido"",""Ninguno"",""60"",""66"",""70"""
"Masculino,""Grupo D"",""Escuela secundaria"",""Gratis/Reducido"",""Ninguno"",""66"",""74"",""69"""
"Masculino,""Grupo E"",""Algun instituto"",""Estandar"",""Tiempo completo"",""89"",""84"",""77"""
"Femenino,""Grupo B"",""Escuela secundaria"",""Estandar"",""Ninguno"",""42"",""52"",""51"""
"Femenino,""Grupo E"",""Grado asociado"",""Gratis/Reducido"",""Tiempo completo"",""57"",""68"",""73"""
"Masculino,""Grupo D"",""Escuela secundaria"",""Estandar"",""Ninguno"",""70"",""70"",""70"""
"Femenino,""Grupo E"",""Grado asociado"",""Gratis/Reducido"",""Ninguno"",""70"",""84"",""81"""
"Masculino,""Grupo E"",""Alguna educacion superior"",""Estandar"",""Ninguno"",""69"",""60"",""54"""
"Femenino,""Grupo C"",""Grado asociado"",""Estandar"",""Ninguno"",""52"",""55"",""57"""
"Masculino,""Grupo C"",""Algun instituto"",""Estandar"",""Tiempo completo"",""67"",""73"",""68"""
"Masculino,""Grupo C"",""Algun instituto"",""Estandar"",""Tiempo completo"",""76"",""80"",""73"""
"Femenino,""Grupo E"",""Grado asociado"",""Estandar"",""Ninguno"",""87"",""94"",""95"""
"Femenino,""Grupo B"",""Alguna educacion superior"",""Estandar"",""Ninguno"",""82"",""85"",""87"""
"Femenino,""Grupo C"",""Alguna educacion superior"",""Estandar"",""Ninguno"",""73"",""76"",""78"""
"Masculino,""Grupo A"",""Alguna educacion superior"",""Gratis/Reducido"",""Ninguno"",""75"",""81"",""74"""
"Femenino,""Grupo D"",""Alguna educacion superior"",""Gratis/Reducido"",""Ninguno"",""64"",""74"",""75"""
"Femenino,""Grupo E"",""Escuela secundaria"",""Gratis/Reducido"",""Ninguno"",""41"",""45"",""40"""
"Masculino,""Grupo C"",""Escuela secundaria"",""Estandar"",""Ninguno"",""90"",""75"",""69"""
"Masculino,""Grupo B"",""Licenciatura"",""Estandar"",""Ninguno"",""59"",""54"",""51"""
"Masculino,""Grupo A"",""Algun instituto"",""Estandar"",""Ninguno"",""51"",""31"",""36"""
"Masculino,""Grupo A"",""Escuela secundaria"",""Gratis/Reducido"",""Ninguno"",""45"",""47"",""49"""
"Femenino,""Grupo C"",""Maestria"",""Estandar"",""Tiempo completo"",""54"",""64"",""67"""
"Masculino,""Grupo E"",""Algun instituto"",""Estandar"",""Tiempo completo"",""87"",""84"",""76"""
"Femenino,""Grupo C"",""Escuela secundaria"",""Estandar"",""Ninguno"",""72"",""80"",""83"""
"Masculino,""Grupo B"",""Algun instituto"",""Estandar"",""Tiempo completo"",""94"",""86"",""87"""
"Femenino,""Grupo A"",""Licenciatura"",""Estandar"",""Ninguno"",""45"",""59"",""64"""
"Masculino,""Grupo D"",""Licenciatura"",""Gratis/Reducido"",""Tiempo completo"",""61"",""70"",""76"""
"Femenino,""Grupo B"",""Escuela secundaria"",""Gratis/Reducido"",""Ninguno"",""60"",""72"",""68"""
"Femenino,""Grupo C"",""Algun instituto"",""Estandar"",""Ninguno"",""77"",""91"",""88"""
"Femenino,""Grupo A"",""Algun instituto"",""Estandar"",""Tiempo completo"",""85"",""90"",""92"""
"Femenino,""Grupo D"",""Licenciatura"",""Gratis/Reducido"",""Ninguno"",""78"",""90"",""93"""
"Masculino,""Grupo E"",""Alguna educacion superior"",""Gratis/Reducido"",""Tiempo completo"",""49"",""52"",""51"""
"Femenino,""Grupo B"",""Escuela secundaria"",""Gratis/Reducido"",""Ninguno"",""71"",""87"",""82"""
"Femenino,""Grupo C"",""Algun instituto"",""Gratis/Reducido"",""Ninguno"",""48"",""58"",""52"""
"Masculino,""Grupo C"",""Escuela secundaria"",""Estandar"",""Ninguno"",""62"",""67"",""58"""
"Femenino,""Grupo C"",""Grado asociado"",""Gratis/Reducido"",""Tiempo completo"",""56"",""68"",""70"""
"Femenino,""Grupo C"",""Algun instituto"",""Estandar"",""Ninguno"",""65"",""69"",""76"""
"Femenino,""Grupo D"",""Algun instituto"",""Gratis/Reducido"",""Tiempo completo"",""69"",""86"",""81"""
"Masculino,""Grupo B"",""Algun instituto"",""Estandar"",""Ninguno"",""68"",""54"",""53"""
"Femenino,""Grupo A"",""Alguna educacion superior"",""Gratis/Reducido"",""Ninguno"",""61"",""60"",""57"""
"Femenino,""Grupo C"",""Licenciatura"",""Gratis/Reducido"",""Tiempo completo"",""74"",""86"",""89"""
"Masculino,""Grupo A"",""Licenciatura"",""Estandar"",""Ninguno"",""64"",""60"",""58"""
"Femenino,""Grupo B"",""Escuela secundaria"",""Estandar"",""Tiempo completo"",""77"",""82"",""89"""
"Masculino,""Grupo B"",""Alguna educacion superior"",""Estandar"",""Ninguno"",""58"",""50"",""45"""
"Femenino,""Grupo C"",""Escuela secundaria"",""Estandar"",""Tiempo completo"",""60"",""64"",""74"""
"Masculino,""Grupo E"",""Escuela secundaria"",""Estandar"",""Ninguno"",""73"",""64"",""57"""
"Femenino,""Grupo A"",""Escuela secundaria"",""Estandar"",""Tiempo completo"",""75"",""82"",""79"""
"Masculino,""Grupo B"",""Grado asociado"",""Gratis/Reducido"",""Tiempo completo"",""58"",""57"",""53"""
"Femenino,""Grupo C"",""Grado asociado"",""Estandar"",""Ninguno"",""66"",""77"",""73"""
"Femenino,""Grupo D"",""Escuela secundaria"",""Gratis/Reducido"",""Ninguno"",""39"",""52"",""46"""
"Masculino,""Grupo C"",""Algun instituto"",""Estandar"",""Ninguno"",""64"",""58"",""51"""
"Femenino,""Grupo B"",""Escuela secundaria"",""Gratis/Reducido"",""Tiempo completo"",""23"",""44"",""36"""
"Masculino,""Grupo B"",""Alguna educacion superior"",""Gratis/Reducido"",""Tiempo completo"",""74"",""77"",""76"""
"Femenino,""Grupo D"",""Algun instituto"",""Gratis/Reducido"",""Tiempo completo"",""40"",""65"",""64"""
"Masculino,""Grupo E"",""Maestria"",""Estandar"",""Ninguno"",""90"",""85"",""84"""
"Masculino,""Grupo C"",""Maestria"",""Estandar"",""Tiempo completo"",""91"",""85"",""85"""
"Masculino,""Grupo D"",""Escuela secundaria"",""Estandar"",""Ninguno"",""64"",""54"",""50"""
"Femenino,""Grupo C"",""Escuela secundaria"",""Estandar"",""Ninguno"",""59"",""72"",""68"""
"Masculino,""Grupo D"",""Grado asociado"",""Estandar"",""Ninguno"",""80"",""75"",""69"""
"Masculino,""Grupo C"",""Maestria"",""Estandar"",""Ninguno"",""71"",""67"",""67"""
"Femenino,""Grupo A"",""Escuela secundaria"",""Estandar"",""Ninguno"",""61"",""68"",""63"""
"Femenino,""Grupo E"",""Alguna educacion superior"",""Estandar"",""Ninguno"",""87"",""85"",""93"""
"Masculino,""Grupo E"",""Algun instituto"",""Estandar"",""Ninguno"",""82"",""67"",""61"""
"Masculino,""Grupo C"",""Algun instituto"",""Estandar"",""Ninguno"",""62"",""64"",""55"""
"Femenino,""Grupo B"",""Licenciatura"",""Estandar"",""Ninguno"",""97"",""97"",""96"""
"Masculino,""Grupo B"",""Alguna educacion superior"",""Gratis/Reducido"",""Ninguno"",""75"",""68"",""65"""
"Femenino,""Grupo C"",""Licenciatura"",""Estandar"",""Ninguno"",""65"",""79"",""81"""
"Masculino,""Grupo B"",""Escuela secundaria"",""Estandar"",""Tiempo completo"",""52"",""49"",""46"""
"Masculino,""Grupo C"",""Grado asociado"",""Gratis/Reducido"",""Ninguno"",""87"",""73"",""72"""
"Femenino,""Grupo C"",""Grado asociado"",""Estandar"",""Ninguno"",""53"",""62"",""53"""
"Femenino,""Grupo E"",""Maestria"",""Gratis/Reducido"",""Ninguno"",""81"",""86"",""87"""
"Masculino,""Grupo D"",""Licenciatura"",""Gratis/Reducido"",""Tiempo completo"",""39"",""42"",""38"""
"Femenino,""Grupo C"",""Alguna educacion superior"",""Estandar"",""Tiempo completo"",""71"",""71"",""80"""
"Masculino,""Grupo C"",""Grado asociado"",""Estandar"",""Ninguno"",""97"",""93"",""91"""
"Masculino,""Grupo D"",""Alguna educacion superior"",""Estandar"",""Tiempo completo"",""82"",""82"",""88"""
"Masculino,""Grupo C"",""Escuela secundaria"",""Gratis/Reducido"",""Ninguno"",""59"",""53"",""52"""
"Masculino,""Grupo B"",""Grado asociado"",""Estandar"",""Ninguno"",""61"",""42"",""41"""
"Masculino,""Grupo E"",""Grado asociado"",""Gratis/Reducido"",""Tiempo completo"",""78"",""74"",""72"""
"Masculino,""Grupo C"",""Grado asociado"",""Gratis/Reducido"",""Ninguno"",""49"",""51"",""51"""
"Masculino,""Grupo B"",""Escuela secundaria"",""Estandar"",""Ninguno"",""59"",""58"",""47"""
"Femenino,""Grupo C"",""Alguna educacion superior"",""Estandar"",""Tiempo completo"",""70"",""72"",""76"""
"Masculino,""Grupo B"",""Grado asociado"",""Estandar"",""Tiempo completo"",""82"",""84"",""78"""
"Masculino,""Grupo E"",""Grado asociado"",""Gratis/Reducido"",""Ninguno"",""90"",""90"",""82"""
"Femenino,""Grupo C"",""Licenciatura"",""Gratis/Reducido"",""Ninguno"",""43"",""62"",""61"""
"Masculino,""Grupo C"",""Alguna educacion superior"",""Gratis/Reducido"",""Ninguno"",""80"",""64"",""66"""
"Masculino,""Grupo D"",""Alguna educacion superior"",""Estandar"",""Ninguno"",""81"",""82"",""84"""
"Masculino,""Grupo C"",""Algun instituto"",""Estandar"",""Ninguno"",""57"",""61"",""54"""
"Femenino,""Grupo D"",""Algun instituto"",""Estandar"",""Ninguno"",""59"",""72"",""80"""
"Femenino,""Grupo D"",""Grado asociado"",""Estandar"",""Ninguno"",""64"",""76"",""74"""
"Masculino,""Grupo C"",""Licenciatura"",""Estandar"",""Tiempo completo"",""63"",""64"",""66"""
"Femenino,""Grupo E"",""Licenciatura"",""Estandar"",""Tiempo completo"",""71"",""70"",""70"""
"Femenino,""Grupo B"",""Escuela secundaria"",""Gratis/Reducido"",""Ninguno"",""64"",""73"",""71"""
"Masculino,""Grupo D"",""Licenciatura"",""Gratis/Reducido"",""Ninguno"",""55"",""46"",""44"""
"Femenino,""Grupo E"",""Grado asociado"",""Estandar"",""Ninguno"",""51"",""51"",""54"""
"Femenino,""Grupo C"",""Grado asociado"",""Estandar"",""Tiempo completo"",""62"",""76"",""80"""
"Femenino,""Grupo E"",""Grado asociado"",""Estandar"",""Tiempo completo"",""93"",""100"",""95"""
"Masculino,""Grupo C"",""Escuela secundaria"",""Gratis/Reducido"",""Ninguno"",""54"",""72"",""59"""
"Femenino,""Grupo D"",""Alguna educacion superior"",""Gratis/Reducido"",""Ninguno"",""69"",""65"",""74"""
"Masculino,""Grupo D"",""Escuela secundaria"",""Gratis/Reducido"",""Ninguno"",""44"",""51"",""48"""
"Femenino,""Grupo E"",""Alguna educacion superior"",""Estandar"",""Tiempo completo"",""86"",""85"",""91"""
"Femenino,""Grupo E"",""Grado asociado"",""Estandar"",""Ninguno"",""85"",""92"",""85"""
"Femenino,""Grupo A"",""Maestria"",""Gratis/Reducido"",""Ninguno"",""50"",""67"",""73"""
"Masculino,""Grupo D"",""Algun instituto"",""Estandar"",""Tiempo completo"",""88"",""74"",""75"""
"Femenino,""Grupo E"",""Grado asociado"",""Estandar"",""Ninguno"",""59"",""62"",""69"""
"Femenino,""Grupo E"",""Algun instituto"",""Gratis/Reducido"",""Ninguno"",""32"",""34"",""38"""
"Masculino,""Grupo B"",""Escuela secundaria"",""Gratis/Reducido"",""Ninguno"",""36"",""29"",""27"""
"Femenino,""Grupo B"",""Algun instituto"",""Gratis/Reducido"",""Tiempo completo"",""63"",""78"",""79"""
"Masculino,""Grupo D"",""Grado asociado"",""Estandar"",""Tiempo completo"",""67"",""54"",""63"""
"Femenino,""Grupo D"",""Algun instituto"",""Estandar"",""Tiempo completo"",""65"",""78"",""82"""
"Masculino,""Grupo D"",""Maestria"",""Estandar"",""Ninguno"",""85"",""84"",""89"""
"Femenino,""Grupo C"",""Maestria"",""Estandar"",""Ninguno"",""73"",""78"",""74"""
"Femenino,""Grupo A"",""Escuela secundaria"",""Gratis/Reducido"",""Tiempo completo"",""34"",""48"",""41"""
"Femenino,""Grupo D"",""Licenciatura"",""Gratis/Reducido"",""Tiempo completo"",""93"",""100"",""100"""
"Femenino,""Grupo D"",""Algun instituto"",""Gratis/Reducido"",""Ninguno"",""67"",""84"",""84"""
"Masculino,""Grupo D"",""Alguna educacion superior"",""Estandar"",""Ninguno"",""88"",""77"",""77"""
"Masculino,""Grupo B"",""Escuela secundaria"",""Estandar"",""Ninguno"",""57"",""48"",""51"""
"Femenino,""Grupo D"",""Alguna educacion superior"",""Estandar"",""Tiempo completo"",""79"",""84"",""91"""
"Femenino,""Grupo C"",""Licenciatura"",""Gratis/Reducido"",""Ninguno"",""67"",""75"",""72"""
"Masculino,""Grupo E"",""Licenciatura"",""Estandar"",""Tiempo completo"",""70"",""64"",""70"""
"Masculino,""Grupo D"",""Licenciatura"",""Gratis/Reducido"",""Ninguno"",""50"",""42"",""48"""
"Femenino,""Grupo A"",""Alguna educacion superior"",""Estandar"",""Ninguno"",""69"",""84"",""82"""
"Femenino,""Grupo C"",""Licenciatura"",""Estandar"",""Tiempo completo"",""52"",""61"",""66"""
"Femenino,""Grupo C"",""Licenciatura"",""Gratis/Reducido"",""Tiempo completo"",""47"",""62"",""66"""
"Femenino,""Grupo B"",""Grado asociado"",""Gratis/Reducido"",""Ninguno"",""46"",""61"",""55"""
"Femenino,""Grupo E"",""Alguna educacion superior"",""Estandar"",""Ninguno"",""68"",""70"",""66"""
"Masculino,""Grupo E"",""Licenciatura"",""Estandar"",""Tiempo completo"",""100"",""100"",""100"""
"Femenino,""Grupo C"",""Escuela secundaria"",""Estandar"",""Ninguno"",""44"",""61"",""52"""
"Femenino,""Grupo C"",""Grado asociado"",""Estandar"",""Tiempo completo"",""57"",""77"",""80"""
"Masculino,""Grupo B"",""Alguna educacion superior"",""Estandar"",""Tiempo completo"",""91"",""96"",""91"""
"Masculino,""Grupo D"",""Escuela secundaria"",""Gratis/Reducido"",""Ninguno"",""69"",""70"",""67"""
"Femenino,""Grupo C"",""Escuela secundaria"",""Gratis/Reducido"",""Ninguno"",""35"",""53"",""46"""
"Masculino,""Grupo D"",""Escuela secundaria"",""Estandar"",""Ninguno"",""72"",""66"",""66"""
"Femenino,""Grupo B"",""Grado asociado"",""Gratis/Reducido"",""Ninguno"",""54"",""65"",""65"""
"Masculino,""Grupo D"",""Escuela secundaria"",""Gratis/Reducido"",""Ninguno"",""74"",""70"",""69"""
"Masculino,""Grupo E"",""Algun instituto"",""Estandar"",""Tiempo completo"",""74"",""64"",""60"""
"Masculino,""Grupo E"",""Grado asociado"",""Gratis/Reducido"",""Ninguno"",""64"",""56"",""52"""
"Femenino,""Grupo D"",""Escuela secundaria"",""Gratis/Reducido"",""Tiempo completo"",""65"",""61"",""71"""
"Masculino,""Grupo E"",""Grado asociado"",""Gratis/Reducido"",""Tiempo completo"",""46"",""43"",""44"""
"Femenino,""Grupo C"",""Algun instituto"",""Gratis/Reducido"",""Ninguno"",""48"",""56"",""51"""
"Masculino,""Grupo C"",""Alguna educacion superior"",""Gratis/Reducido"",""Tiempo completo"",""67"",""74"",""70"""
"Masculino,""Grupo D"",""Alguna educacion superior"",""Gratis/Reducido"",""Ninguno"",""62"",""57"",""62"""
"Masculino,""Grupo D"",""Grado asociado"",""Gratis/Reducido"",""Tiempo completo"",""61"",""71"",""73"""
"Masculino,""Grupo C"",""Licenciatura"",""Gratis/Reducido"",""Tiempo completo"",""70"",""75"",""74"""
"Masculino,""Grupo C"",""Grado asociado"",""Estandar"",""Tiempo completo"",""98"",""87"",""90"""
"Masculino,""Grupo D"",""Alguna educacion superior"",""Gratis/Reducido"",""Ninguno"",""70"",""63"",""58"""
"Masculino,""Grupo A"",""Grado asociado"",""Estandar"",""Ninguno"",""67"",""57"",""53"""
"Femenino,""Grupo E"",""Escuela secundaria"",""Gratis/Reducido"",""Ninguno"",""57"",""58"",""57"""
"Masculino,""Grupo D"",""Alguna educacion superior"",""Estandar"",""Tiempo completo"",""85"",""81"",""85"""
"Masculino,""Grupo D"",""Algun instituto"",""Estandar"",""Tiempo completo"",""77"",""68"",""69"""
"Masculino,""Grupo C"",""Maestria"",""Gratis/Reducido"",""Tiempo completo"",""72"",""66"",""72"""
"Femenino,""Grupo D"",""Maestria"",""Estandar"",""Ninguno"",""78"",""91"",""96"""
"Masculino,""Grupo C"",""Escuela secundaria"",""Estandar"",""Ninguno"",""81"",""66"",""64"""
"Masculino,""Grupo A"",""Algun instituto"",""Gratis/Reducido"",""Tiempo completo"",""61"",""62"",""61"""
"Femenino,""Grupo B"",""Escuela secundaria"",""Estandar"",""Ninguno"",""58"",""68"",""61"""
"Femenino,""Grupo C"",""Grado asociado"",""Estandar"",""Ninguno"",""54"",""61"",""58"""
"Masculino,""Grupo B"",""Escuela secundaria"",""Estandar"",""Ninguno"",""82"",""82"",""80"""
"Femenino,""Grupo D"",""Alguna educacion superior"",""Gratis/Reducido"",""Ninguno"",""49"",""58"",""60"""
"Masculino,""Grupo B"",""Algun instituto"",""Gratis/Reducido"",""Tiempo completo"",""49"",""50"",""52"""
"Femenino,""Grupo E"",""Escuela secundaria"",""Gratis/Reducido"",""Tiempo completo"",""57"",""75"",""73"""
"Masculino,""Grupo E"",""Escuela secundaria"",""Estandar"",""Ninguno"",""94"",""73"",""71"""
"Femenino,""Grupo D"",""Alguna educacion superior"",""Estandar"",""Tiempo completo"",""75"",""77"",""83"""
"Femenino,""Grupo E"",""Algun instituto"",""Gratis/Reducido"",""Ninguno"",""74"",""74"",""72"""
"Masculino,""Grupo C"",""Escuela secundaria"",""Estandar"",""Tiempo completo"",""58"",""52"",""54"""
"Femenino,""Grupo C"",""Alguna educacion superior"",""Estandar"",""Ninguno"",""62"",""69"",""69"""
"Masculino,""Grupo E"",""Grado asociado"",""Estandar"",""Ninguno"",""72"",""57"",""62"""
"Masculino,""Grupo C"",""Alguna educacion superior"",""Estandar"",""Ninguno"",""84"",""87"",""81"""
"Femenino,""Grupo D"",""Maestria"",""Estandar"",""Ninguno"",""92"",""100"",""100"""
"Femenino,""Grupo D"",""Escuela secundaria"",""Estandar"",""Ninguno"",""45"",""63"",""59"""
"Masculino,""Grupo C"",""Escuela secundaria"",""Estandar"",""Ninguno"",""75"",""81"",""71"""
"Femenino,""Grupo A"",""Alguna educacion superior"",""Estandar"",""Ninguno"",""56"",""58"",""64"""
"Femenino,""Grupo D"",""Algun instituto"",""Gratis/Reducido"",""Ninguno"",""48"",""54"",""53"""
"Femenino,""Grupo E"",""Grado asociado"",""Estandar"",""Ninguno"",""100"",""100"",""100"""
"Femenino,""Grupo C"",""Algun instituto"",""Gratis/Reducido"",""Tiempo completo"",""65"",""76"",""75"""
"Masculino,""Grupo D"",""Alguna educacion superior"",""Estandar"",""Ninguno"",""72"",""57"",""58"""
"Femenino,""Grupo D"",""Alguna educacion superior"",""Estandar"",""Ninguno"",""62"",""70"",""72"""
"Masculino,""Grupo A"",""Algun instituto"",""Estandar"",""Tiempo completo"",""66"",""68"",""64"""
"Masculino,""Grupo C"",""Alguna educacion superior"",""Estandar"",""Ninguno"",""63"",""63"",""60"""
"Femenino,""Grupo E"",""Grado asociado"",""Estandar"",""Ninguno"",""68"",""76"",""67"""
"Femenino,""Grupo B"",""Licenciatura"",""Estandar"",""Ninguno"",""75"",""84"",""80"""
"Femenino,""Grupo D"",""Licenciatura"",""Estandar"",""Ninguno"",""89"",""100"",""100"""
"Masculino,""Grupo C"",""Algun instituto"",""Estandar"",""Tiempo completo"",""78"",""72"",""69"""
"Femenino,""Grupo A"",""Escuela secundaria"",""Gratis/Reducido"",""Tiempo completo"",""53"",""50"",""60"""
"Femenino,""Grupo D"",""Alguna educacion superior"",""Gratis/Reducido"",""Ninguno"",""49"",""65"",""61"""
"Femenino,""Grupo A"",""Alguna educacion superior"",""Estandar"",""Ninguno"",""54"",""63"",""67"""
"Femenino,""Grupo C"",""Alguna educacion superior"",""Estandar"",""Tiempo completo"",""64"",""82"",""77"""
"Masculino,""Grupo B"",""Alguna educacion superior"",""Gratis/Reducido"",""Tiempo completo"",""60"",""62"",""60"""
"Masculino,""Grupo C"",""Grado asociado"",""Estandar"",""Ninguno"",""62"",""65"",""58"""
"Masculino,""Grupo D"",""Escuela secundaria"",""Estandar"",""Tiempo completo"",""55"",""41"",""48"""
"Femenino,""Grupo C"",""Grado asociado"",""Estandar"",""Ninguno"",""91"",""95"",""94"""
"Femenino,""Grupo B"",""Escuela secundaria"",""Gratis/Reducido"",""Ninguno"",""8"",""24"",""23"""
"Masculino,""Grupo D"",""Algun instituto"",""Estandar"",""Ninguno"",""81"",""78"",""78"""
"Masculino,""Grupo B"",""Algun instituto"",""Estandar"",""Tiempo completo"",""79"",""85"",""86"""
"Femenino,""Grupo A"",""Alguna educacion superior"",""Estandar"",""Tiempo completo"",""78"",""87"",""91"""
"Femenino,""Grupo C"",""Algun instituto"",""Estandar"",""Ninguno"",""74"",""75"",""82"""
"Masculino,""Grupo A"",""Escuela secundaria"",""Estandar"",""Ninguno"",""57"",""51"",""54"""
"Femenino,""Grupo C"",""Grado asociado"",""Estandar"",""Ninguno"",""40"",""59"",""51"""
"Masculino,""Grupo E"",""Algun instituto"",""Estandar"",""Tiempo completo"",""81"",""75"",""76"""
"Femenino,""Grupo A"",""Algun instituto"",""Gratis/Reducido"",""Ninguno"",""44"",""45"",""45"""
"Femenino,""Grupo D"",""Alguna educacion superior"",""Gratis/Reducido"",""Tiempo completo"",""67"",""86"",""83"""
"Masculino,""Grupo E"",""Escuela secundaria"",""Gratis/Reducido"",""Tiempo completo"",""86"",""81"",""75"""
"Femenino,""Grupo B"",""Algun instituto"",""Estandar"",""Tiempo completo"",""65"",""82"",""78"""
"Femenino,""Grupo D"",""Grado asociado"",""Gratis/Reducido"",""Ninguno"",""55"",""76"",""76"""
"Femenino,""Grupo D"",""Licenciatura"",""Gratis/Reducido"",""Ninguno"",""62"",""72"",""74"""
"Masculino,""Grupo A"",""Escuela secundaria"",""Estandar"",""Ninguno"",""63"",""63"",""62"""
"Femenino,""Grupo E"",""Maestria"",""Estandar"",""Tiempo completo"",""88"",""99"",""95"""
"Masculino,""Grupo C"",""Escuela secundaria"",""Gratis/Reducido"",""Ninguno"",""62"",""55"",""55"""
"Femenino,""Grupo C"",""Escuela secundaria"",""Gratis/Reducido"",""Tiempo completo"",""59"",""71"",""65"""
"Femenino,""Grupo D"",""Alguna educacion superior"",""Estandar"",""Tiempo completo"",""68"",""78"",""77"""
"Femenino,""Grupo D"",""Alguna educacion superior"",""Gratis/Reducido"",""Ninguno"",""77"",""86"",""86"""
